arm,epoch,optimizer_steps,training_sha,train_gradient_norm,train_joint_loss,train_learning_rate,train_prediction,train_ssl1_condition,train_ssl1_node,train_ssl1_spread,train_ssl2_dino,train_ssl2_ibot,train_ssl2_koleo,train_teacher_momentum,val_joint_loss,val_prediction,val_ssl1_condition,val_ssl1_node,val_ssl1_spread,val_ssl2_dino,val_ssl2_ibot,val_ssl2_koleo
B0,1,176,aeac5fd94123af0b73810259e5e2985228b11d65,0.5371918309141289,19.966109758681807,0.0005198843679940412,0.09909921974494038,8.134353324770927,8.94964435967532,-0.09235761655409905,8.134364287284287,8.201992681080645,0.006173946457155663,0.9902238701963405,15.630725346418732,0.06459294380246328,6.108345772937614,8.711830485059346,-0.1290933385377539,5.9730999530872255,6.094073413544978,-0.08476702661863439
B0,2,352,aeac5fd94123af0b73810259e5e2985228b11d65,0.6506979394365441,5.43224783579036,0.0009712560344656438,0.05901356929891997,1.1900056505110115,7.04965370351618,-0.10412256627089599,1.285094496026762,1.4830185754584486,-0.09502505701543255,0.9915021885931665,6.0433613712055925,0.05916596549016874,1.9277791975598864,4.370189473469127,-0.1639998070952588,2.28405436904008,2.243362355292949,-0.1429228940515413
B0,3,528,aeac5fd94123af0b73810259e5e2985228b11d65,0.27996156517077575,1.199990612717176,0.0008251945369227132,0.056867630697194145,0.050336585691018794,2.7478174855085937,-0.16279283474961465,0.030790200738093434,0.03865052339097019,-0.20086367208171974,0.9937194794491436,4.561331407792846,0.05642853663920113,1.649996478279764,1.7027392550614497,-0.19576853850732878,2.1341645699523357,2.0944495367052713,-0.21724705703911584
B0,4,704,aeac5fd94123af0b73810259e5e2985228b11d65,0.20117355942387471,0.5919369640678765,0.0005944245814416718,0.055725159091790294,0.007526520986919588,1.4258621053939515,-0.19641486568037758,0.002049559754430613,0.006606658051003416,-0.24795078426938166,0.9962805205508553,4.188528826812896,0.054313088250807794,1.5964259953647437,1.1663979134733669,-0.20849719774048012,1.9898589604866783,2.1070335395815762,-0.2333515994748564
B0,5,880,aeac5fd94123af0b73810259e5e2985228b11d65,0.1643335560590706,0.460472834630888,0.00036575185760261174,0.05510980532165955,0.0035580945983714296,1.1170799068429254,-0.21212810231372714,0.0009697091073493622,0.005395021819574388,-0.2603637488897551,0.9984978114068332,4.072660651009806,0.05423447713644357,1.5872663505730433,1.0181221041460247,-0.21388498757540914,1.9186430868646283,2.128917398975447,-0.23728740639913237
B0,6,1056,aeac5fd94123af0b73810259e5e2985228b11d65,0.14502958322621204,0.42277547149252237,0.00022519316702786498,0.054933792668056085,0.0025891273737877122,1.0286495763469825,-0.21935913114893166,0.0007703834499724591,0.005678444422466617,-0.26641225027428433,0.9997761298036607,4.058602797763918,0.0539544314718816,1.564023727492967,0.9831192880019688,-0.2163142753996039,1.9166447206050594,2.180657057937339,-0.23765579026815342
E1,1,176,ac220f5e90e9e5c0c9900cdb2c285a629297c93d,0.42865900915454735,20.07411673761519,0.0005198843679940412,0.09910541264848276,8.170851012522524,8.950149988586253,-0.09457282986576585,8.192183562977748,8.285830687392842,-0.003513228385682768,0.9902238701963405,15.871618176651417,0.06992068693585665,6.072285463461027,8.717176631674473,-0.1293094354682913,6.1306185350109335,6.435368619312644,-0.08713147568369513
E1,2,352,ac220f5e90e9e5c0c9900cdb2c285a629297c93d,0.6560973230410706,5.557556020952131,0.0009712560344656438,0.05993156138786369,1.2422827728177337,6.996100536801598,-0.1054618483282287,1.3644627852958033,1.5848839194672606,-0.09619584601287814,0.9915021885931665,6.1056478693598875,0.058443200468070236,1.9064900541877954,4.342044322563256,-0.1635122040842495,2.274561602016702,2.489056773536694,-0.13725976534752438
E1,3,528,ac220f5e90e9e5c0c9900cdb2c285a629297c93d,0.28201049396937544,1.1995150834988721,0.0008251945369227132,0.05699544420613992,0.05237408970027569,2.716922516511245,-0.1625870582012629,0.038280325613331195,0.047139461639744695,-0.19369978398423304,0.9937194794491436,4.5687543293136645,0.05533565670573467,1.6412584928681637,1.6629368344841544,-0.19600880205472251,2.0734578664684147,2.2915772550450364,-0.20559256245356494
E1,4,704,ac220f5e90e9e5c0c9900cdb2c285a629297c93d,0.1967827777632258,0.573699858957843,0.0005944245814416718,0.05593864119146019,0.008485322959049054,1.373198139057918,-0.1963044838471846,0.004671440163292573,0.00499018106876809,-0.2440907239744609,0.9962805205508553,4.323047515269669,0.05464340100721893,1.5744895891173618,1.1124608229735091,-0.20867363449601212,2.0113639375000445,2.4956708229743048,-0.2266407253468443
E1,5,880,ac220f5e90e9e5c0c9900cdb2c285a629297c93d,0.1602906001816419,0.4398644330848173,0.00036575185760261174,0.05527240346418694,0.003537519996329634,1.062112434682521,-0.21200151106512005,0.0024052696638715465,0.00520788045626184,-0.25890177056532016,0.9984978114068332,4.241362021991928,0.05433024885427653,1.5373681159196977,0.9677709262356897,-0.2139813133983507,1.9950264744777686,2.54639047162669,-0.23150396888380673
E1,6,1056,ac220f5e90e9e5c0c9900cdb2c285a629297c93d,0.1418188869614493,0.4042655250193175,0.00022519316702786498,0.0550682913586074,0.002379192284107293,0.9800571069460023,-0.21905310794880445,0.0018886070888997479,0.0055701917016532125,-0.26562614501877263,0.9997761298036607,4.235658792155981,0.05404120169962133,1.52746801385883,0.9338584851102713,-0.21612884473754404,1.978010180075414,2.6216430325934246,-0.23352763101059235
E2,1,176,2871c4e79a70b7d0d4f900866ce019316b68670f,0.526830371807922,21.700686840562412,0.0005198843679940412,0.09881247661012987,8.875491310249675,9.63911629535935,-0.09283223107922822,8.843237503685735,8.950295318256725,0.004098904654463034,0.9902238701963405,17.285648116843404,0.06365060688991235,6.810332264766645,9.396318626519447,-0.12883736880183783,6.600570530334617,6.8904866664355,-0.08563353807471283
E2,2,352,2871c4e79a70b7d0d4f900866ce019316b68670f,0.6356161126697605,6.060557554058985,0.0009712560344656438,0.058869781004349614,1.432651974514804,7.610385724089363,-0.10368511262773113,1.423871852584522,1.731043046626093,-0.09734285648234865,0.9915021885931665,6.251680587695933,0.05856172049137351,2.0296298316771932,4.715956884582823,-0.16493043113625006,2.2523912152044843,2.2802881739595464,-0.14503035797261318
E2,3,528,2871c4e79a70b7d0d4f900866ce019316b68670f,0.2818961590528488,1.2783230505952483,0.0008251945369227132,0.05680421165148304,0.06308371107496152,2.8990116397088226,-0.16210605635900388,0.03458810068696039,0.05035847077008591,-0.20156049021435055,0.9937194794491436,4.672978689471953,0.05592344751340108,1.6843119016427393,1.7372822211845955,-0.1950890000554971,2.1857507314135036,2.1685011271463677,-0.21799373326228433
E2,4,704,2871c4e79a70b7d0d4f900866ce019316b68670f,0.200691011141647,0.5967546235687963,0.0005944245814416718,0.05566805077251047,0.010400182721654843,1.427316469902342,-0.19617235749451953,0.004428570795508594,0.006838911775048473,-0.2482134693894874,0.9962805205508553,4.416839596186462,0.05424334575107376,1.620226292935692,1.1511781924360953,-0.20886192053820243,2.188082534610336,2.249381735137814,-0.23388674247658034
E2,5,880,2871c4e79a70b7d0d4f900866ce019316b68670f,0.16302903568033467,0.4531421088919819,0.00036575185760261174,0.05505498621972616,0.004268060157879849,1.0962558105926623,-0.21197603714906357,0.0021146013171098525,0.004304561975004617,-0.26045551819896157,0.9984978114068332,4.246628177523021,0.05412644798522633,1.5908379209681947,0.997284191941527,-0.2139085336968554,2.093937131016272,2.226648731308011,-0.23500694672606331
E2,6,1056,2871c4e79a70b7d0d4f900866ce019316b68670f,0.14201609417796135,0.41431861780444984,0.00022519316702786498,0.05487855077742345,0.002854119177506866,1.00719688849693,-0.21909777430648153,0.0016504610719659302,0.003806230822275128,-0.26655067469586025,0.9997761298036607,4.218106863307016,0.05386925467262994,1.5911981675037112,0.9626370376726491,-0.21622000938764527,2.0524890696885327,2.2735047068641565,-0.23546942881964272
E3,1,176,2871c4e79a70b7d0d4f900866ce019316b68670f,0.656209256161343,33.34896281057313,0.0005198843679940412,0.09952025149885396,8.117279816757549,8.92543422092091,0.0,8.084518030285835,8.122210491109978,0.0,0.9902238701963405,26.40473203181469,0.06704761482602656,6.119932383873455,8.642691681025692,0.0,5.769560645140343,5.805499626891431,0.0
E3,2,352,2871c4e79a70b7d0d4f900866ce019316b68670f,1.07468387179754,10.777284812176896,0.0009712560344656438,0.059350779904475945,1.1680565996688197,6.954557723619721,0.0,1.2498738273914733,1.3454458815924062,0.0,0.9915021885931665,10.240121841708197,0.05900090856668919,1.9185154069130588,4.230995161339371,0.0,1.9735930803372266,2.058017231303012,0.0
E3,3,528,2871c4e79a70b7d0d4f900866ce019316b68670f,0.5810159014707262,2.7040942280861846,0.0008251945369227132,0.056869285810865804,0.05145866643711501,2.5230892453004015,0.0,0.03440252372522743,0.03827450681257522,0.0,0.9937194794491436,6.606606054970954,0.05604320309917985,1.6293106037008989,1.4565860848607795,0.0,1.7340245373396204,1.7306416207983435,0.0
E3,4,704,2871c4e79a70b7d0d4f900866ce019316b68670f,0.40695685876364057,1.22600620804236,0.0005944245814416718,0.05572609798665243,0.00950184158798286,1.1560132401910694,0.0,0.0016349828923177317,0.0031300453843372948,0.0,0.9962805205508553,5.739752033844678,0.05440473560602055,1.5813024076965052,0.9091373801477117,0.0,1.5865843620504974,1.6083231528397688,0.0
E3,5,880,2871c4e79a70b7d0d4f900866ce019316b68670f,0.32867047343064437,0.9104890568716076,0.00036575185760261174,0.05508793542288582,0.0038735634132701143,0.8490383164449171,0.0,0.0005627649925786086,0.0019264765979559425,0.0,0.9984978114068332,5.5294857424563375,0.05426099739387872,1.525860464585916,0.7669372787761214,0.0,1.5300349550101486,1.6523920456076935,0.0
E3,6,1056,2871c4e79a70b7d0d4f900866ce019316b68670f,0.2851618181236766,0.8319111124027668,0.00022519316702786498,0.054887727680827746,0.002658082587169536,0.7721120874312791,0.0,0.0004912624529176603,0.001761952250572821,0.0,0.9997761298036607,5.493815783175379,0.05394113555982415,1.5297251082744485,0.7377004260147819,0.0,1.5218893705895125,1.650559754739953,0.0
