arm,role,gene_group,gene_count,metric_id,macro_mean,finite_conditions,total_conditions,training_sha,evaluation_sha,run_id,config_sha256,checkpoint_sha256,test_receipt_sha256
B0,best,all_expression,5000,txpert_macro_pearson_delta_all,0.21249176275211287,592,592,aeac5fd94123af0b73810259e5e2985228b11d65,aeac5fd94123af0b73810259e5e2985228b11d65,nadig_jurkat-seed1-20260930T112531Z-f7ca7a77fa6848bb811f706d00e5daad,1401174171770bb5c7ae580db55f9dd9d4907d8da6a37a42b86a64d747f412d0,8a258885784f45d010c0d1c8fabce6c8ac46252bd0292de71a53ea69133b97e3,79edb3d649050f8031318fcac422ba450b92f4105017c8463c32ae123750874d
B0,best,all_expression,5000,txpert_macro_pearson_delta_deg,0.38027282098553944,590,592,aeac5fd94123af0b73810259e5e2985228b11d65,aeac5fd94123af0b73810259e5e2985228b11d65,nadig_jurkat-seed1-20260930T112531Z-f7ca7a77fa6848bb811f706d00e5daad,1401174171770bb5c7ae580db55f9dd9d4907d8da6a37a42b86a64d747f412d0,8a258885784f45d010c0d1c8fabce6c8ac46252bd0292de71a53ea69133b97e3,79edb3d649050f8031318fcac422ba450b92f4105017c8463c32ae123750874d
B0,best,all_expression,5000,trishift_pearson_delta_all,0.16648813463423495,592,592,aeac5fd94123af0b73810259e5e2985228b11d65,aeac5fd94123af0b73810259e5e2985228b11d65,nadig_jurkat-seed1-20260930T112531Z-f7ca7a77fa6848bb811f706d00e5daad,1401174171770bb5c7ae580db55f9dd9d4907d8da6a37a42b86a64d747f412d0,8a258885784f45d010c0d1c8fabce6c8ac46252bd0292de71a53ea69133b97e3,79edb3d649050f8031318fcac422ba450b92f4105017c8463c32ae123750874d
B0,best,all_expression,5000,trishift_pearson_delta_deg,0.3517749634161541,590,592,aeac5fd94123af0b73810259e5e2985228b11d65,aeac5fd94123af0b73810259e5e2985228b11d65,nadig_jurkat-seed1-20260930T112531Z-f7ca7a77fa6848bb811f706d00e5daad,1401174171770bb5c7ae580db55f9dd9d4907d8da6a37a42b86a64d747f412d0,8a258885784f45d010c0d1c8fabce6c8ac46252bd0292de71a53ea69133b97e3,79edb3d649050f8031318fcac422ba450b92f4105017c8463c32ae123750874d
B0,best,all_expression,5000,systema_pearson_all,0.0796018410915958,592,592,aeac5fd94123af0b73810259e5e2985228b11d65,aeac5fd94123af0b73810259e5e2985228b11d65,nadig_jurkat-seed1-20260930T112531Z-f7ca7a77fa6848bb811f706d00e5daad,1401174171770bb5c7ae580db55f9dd9d4907d8da6a37a42b86a64d747f412d0,8a258885784f45d010c0d1c8fabce6c8ac46252bd0292de71a53ea69133b97e3,79edb3d649050f8031318fcac422ba450b92f4105017c8463c32ae123750874d
B0,best,all_expression,5000,systema_pearson_deg,0.23267451229159072,590,592,aeac5fd94123af0b73810259e5e2985228b11d65,aeac5fd94123af0b73810259e5e2985228b11d65,nadig_jurkat-seed1-20260930T112531Z-f7ca7a77fa6848bb811f706d00e5daad,1401174171770bb5c7ae580db55f9dd9d4907d8da6a37a42b86a64d747f412d0,8a258885784f45d010c0d1c8fabce6c8ac46252bd0292de71a53ea69133b97e3,79edb3d649050f8031318fcac422ba450b92f4105017c8463c32ae123750874d
B0,best,seen_expression,4775,txpert_macro_pearson_delta_all,0.41899491777509296,592,592,aeac5fd94123af0b73810259e5e2985228b11d65,aeac5fd94123af0b73810259e5e2985228b11d65,nadig_jurkat-seed1-20260930T112531Z-f7ca7a77fa6848bb811f706d00e5daad,1401174171770bb5c7ae580db55f9dd9d4907d8da6a37a42b86a64d747f412d0,8a258885784f45d010c0d1c8fabce6c8ac46252bd0292de71a53ea69133b97e3,79edb3d649050f8031318fcac422ba450b92f4105017c8463c32ae123750874d
B0,best,seen_expression,4775,txpert_macro_pearson_delta_deg,0.4672073536635258,590,592,aeac5fd94123af0b73810259e5e2985228b11d65,aeac5fd94123af0b73810259e5e2985228b11d65,nadig_jurkat-seed1-20260930T112531Z-f7ca7a77fa6848bb811f706d00e5daad,1401174171770bb5c7ae580db55f9dd9d4907d8da6a37a42b86a64d747f412d0,8a258885784f45d010c0d1c8fabce6c8ac46252bd0292de71a53ea69133b97e3,79edb3d649050f8031318fcac422ba450b92f4105017c8463c32ae123750874d
B0,best,seen_expression,4775,trishift_pearson_delta_all,0.3114207775556997,592,592,aeac5fd94123af0b73810259e5e2985228b11d65,aeac5fd94123af0b73810259e5e2985228b11d65,nadig_jurkat-seed1-20260930T112531Z-f7ca7a77fa6848bb811f706d00e5daad,1401174171770bb5c7ae580db55f9dd9d4907d8da6a37a42b86a64d747f412d0,8a258885784f45d010c0d1c8fabce6c8ac46252bd0292de71a53ea69133b97e3,79edb3d649050f8031318fcac422ba450b92f4105017c8463c32ae123750874d
B0,best,seen_expression,4775,trishift_pearson_delta_deg,0.4310887512536966,590,592,aeac5fd94123af0b73810259e5e2985228b11d65,aeac5fd94123af0b73810259e5e2985228b11d65,nadig_jurkat-seed1-20260930T112531Z-f7ca7a77fa6848bb811f706d00e5daad,1401174171770bb5c7ae580db55f9dd9d4907d8da6a37a42b86a64d747f412d0,8a258885784f45d010c0d1c8fabce6c8ac46252bd0292de71a53ea69133b97e3,79edb3d649050f8031318fcac422ba450b92f4105017c8463c32ae123750874d
B0,best,seen_expression,4775,systema_pearson_all,0.21625558568905778,592,592,aeac5fd94123af0b73810259e5e2985228b11d65,aeac5fd94123af0b73810259e5e2985228b11d65,nadig_jurkat-seed1-20260930T112531Z-f7ca7a77fa6848bb811f706d00e5daad,1401174171770bb5c7ae580db55f9dd9d4907d8da6a37a42b86a64d747f412d0,8a258885784f45d010c0d1c8fabce6c8ac46252bd0292de71a53ea69133b97e3,79edb3d649050f8031318fcac422ba450b92f4105017c8463c32ae123750874d
B0,best,seen_expression,4775,systema_pearson_deg,0.27344326811275477,590,592,aeac5fd94123af0b73810259e5e2985228b11d65,aeac5fd94123af0b73810259e5e2985228b11d65,nadig_jurkat-seed1-20260930T112531Z-f7ca7a77fa6848bb811f706d00e5daad,1401174171770bb5c7ae580db55f9dd9d4907d8da6a37a42b86a64d747f412d0,8a258885784f45d010c0d1c8fabce6c8ac46252bd0292de71a53ea69133b97e3,79edb3d649050f8031318fcac422ba450b92f4105017c8463c32ae123750874d
B0,best,unseen_expression,225,txpert_macro_pearson_delta_all,0.1139871760196415,592,592,aeac5fd94123af0b73810259e5e2985228b11d65,aeac5fd94123af0b73810259e5e2985228b11d65,nadig_jurkat-seed1-20260930T112531Z-f7ca7a77fa6848bb811f706d00e5daad,1401174171770bb5c7ae580db55f9dd9d4907d8da6a37a42b86a64d747f412d0,8a258885784f45d010c0d1c8fabce6c8ac46252bd0292de71a53ea69133b97e3,79edb3d649050f8031318fcac422ba450b92f4105017c8463c32ae123750874d
B0,best,unseen_expression,225,txpert_macro_pearson_delta_deg,0.18112415501006277,147,592,aeac5fd94123af0b73810259e5e2985228b11d65,aeac5fd94123af0b73810259e5e2985228b11d65,nadig_jurkat-seed1-20260930T112531Z-f7ca7a77fa6848bb811f706d00e5daad,1401174171770bb5c7ae580db55f9dd9d4907d8da6a37a42b86a64d747f412d0,8a258885784f45d010c0d1c8fabce6c8ac46252bd0292de71a53ea69133b97e3,79edb3d649050f8031318fcac422ba450b92f4105017c8463c32ae123750874d
B0,best,unseen_expression,225,trishift_pearson_delta_all,0.10585811519342676,592,592,aeac5fd94123af0b73810259e5e2985228b11d65,aeac5fd94123af0b73810259e5e2985228b11d65,nadig_jurkat-seed1-20260930T112531Z-f7ca7a77fa6848bb811f706d00e5daad,1401174171770bb5c7ae580db55f9dd9d4907d8da6a37a42b86a64d747f412d0,8a258885784f45d010c0d1c8fabce6c8ac46252bd0292de71a53ea69133b97e3,79edb3d649050f8031318fcac422ba450b92f4105017c8463c32ae123750874d
B0,best,unseen_expression,225,trishift_pearson_delta_deg,0.13177971364774796,147,592,aeac5fd94123af0b73810259e5e2985228b11d65,aeac5fd94123af0b73810259e5e2985228b11d65,nadig_jurkat-seed1-20260930T112531Z-f7ca7a77fa6848bb811f706d00e5daad,1401174171770bb5c7ae580db55f9dd9d4907d8da6a37a42b86a64d747f412d0,8a258885784f45d010c0d1c8fabce6c8ac46252bd0292de71a53ea69133b97e3,79edb3d649050f8031318fcac422ba450b92f4105017c8463c32ae123750874d
B0,best,unseen_expression,225,systema_pearson_all,-0.019706616704646063,592,592,aeac5fd94123af0b73810259e5e2985228b11d65,aeac5fd94123af0b73810259e5e2985228b11d65,nadig_jurkat-seed1-20260930T112531Z-f7ca7a77fa6848bb811f706d00e5daad,1401174171770bb5c7ae580db55f9dd9d4907d8da6a37a42b86a64d747f412d0,8a258885784f45d010c0d1c8fabce6c8ac46252bd0292de71a53ea69133b97e3,79edb3d649050f8031318fcac422ba450b92f4105017c8463c32ae123750874d
B0,best,unseen_expression,225,systema_pearson_deg,0.07353875218649117,147,592,aeac5fd94123af0b73810259e5e2985228b11d65,aeac5fd94123af0b73810259e5e2985228b11d65,nadig_jurkat-seed1-20260930T112531Z-f7ca7a77fa6848bb811f706d00e5daad,1401174171770bb5c7ae580db55f9dd9d4907d8da6a37a42b86a64d747f412d0,8a258885784f45d010c0d1c8fabce6c8ac46252bd0292de71a53ea69133b97e3,79edb3d649050f8031318fcac422ba450b92f4105017c8463c32ae123750874d
B0,last,all_expression,5000,txpert_macro_pearson_delta_all,0.21249176275211287,592,592,aeac5fd94123af0b73810259e5e2985228b11d65,aeac5fd94123af0b73810259e5e2985228b11d65,nadig_jurkat-seed1-20260930T112531Z-f7ca7a77fa6848bb811f706d00e5daad,1401174171770bb5c7ae580db55f9dd9d4907d8da6a37a42b86a64d747f412d0,8a258885784f45d010c0d1c8fabce6c8ac46252bd0292de71a53ea69133b97e3,31c617e0589f23a8b6583002db8e9baeed97fd58d921795df899edaff8f95897
B0,last,all_expression,5000,txpert_macro_pearson_delta_deg,0.38027282098553944,590,592,aeac5fd94123af0b73810259e5e2985228b11d65,aeac5fd94123af0b73810259e5e2985228b11d65,nadig_jurkat-seed1-20260930T112531Z-f7ca7a77fa6848bb811f706d00e5daad,1401174171770bb5c7ae580db55f9dd9d4907d8da6a37a42b86a64d747f412d0,8a258885784f45d010c0d1c8fabce6c8ac46252bd0292de71a53ea69133b97e3,31c617e0589f23a8b6583002db8e9baeed97fd58d921795df899edaff8f95897
B0,last,all_expression,5000,trishift_pearson_delta_all,0.16648813463423495,592,592,aeac5fd94123af0b73810259e5e2985228b11d65,aeac5fd94123af0b73810259e5e2985228b11d65,nadig_jurkat-seed1-20260930T112531Z-f7ca7a77fa6848bb811f706d00e5daad,1401174171770bb5c7ae580db55f9dd9d4907d8da6a37a42b86a64d747f412d0,8a258885784f45d010c0d1c8fabce6c8ac46252bd0292de71a53ea69133b97e3,31c617e0589f23a8b6583002db8e9baeed97fd58d921795df899edaff8f95897
B0,last,all_expression,5000,trishift_pearson_delta_deg,0.3517749634161541,590,592,aeac5fd94123af0b73810259e5e2985228b11d65,aeac5fd94123af0b73810259e5e2985228b11d65,nadig_jurkat-seed1-20260930T112531Z-f7ca7a77fa6848bb811f706d00e5daad,1401174171770bb5c7ae580db55f9dd9d4907d8da6a37a42b86a64d747f412d0,8a258885784f45d010c0d1c8fabce6c8ac46252bd0292de71a53ea69133b97e3,31c617e0589f23a8b6583002db8e9baeed97fd58d921795df899edaff8f95897
B0,last,all_expression,5000,systema_pearson_all,0.0796018410915958,592,592,aeac5fd94123af0b73810259e5e2985228b11d65,aeac5fd94123af0b73810259e5e2985228b11d65,nadig_jurkat-seed1-20260930T112531Z-f7ca7a77fa6848bb811f706d00e5daad,1401174171770bb5c7ae580db55f9dd9d4907d8da6a37a42b86a64d747f412d0,8a258885784f45d010c0d1c8fabce6c8ac46252bd0292de71a53ea69133b97e3,31c617e0589f23a8b6583002db8e9baeed97fd58d921795df899edaff8f95897
B0,last,all_expression,5000,systema_pearson_deg,0.23267451229159072,590,592,aeac5fd94123af0b73810259e5e2985228b11d65,aeac5fd94123af0b73810259e5e2985228b11d65,nadig_jurkat-seed1-20260930T112531Z-f7ca7a77fa6848bb811f706d00e5daad,1401174171770bb5c7ae580db55f9dd9d4907d8da6a37a42b86a64d747f412d0,8a258885784f45d010c0d1c8fabce6c8ac46252bd0292de71a53ea69133b97e3,31c617e0589f23a8b6583002db8e9baeed97fd58d921795df899edaff8f95897
B0,last,seen_expression,4775,txpert_macro_pearson_delta_all,0.41899491777509296,592,592,aeac5fd94123af0b73810259e5e2985228b11d65,aeac5fd94123af0b73810259e5e2985228b11d65,nadig_jurkat-seed1-20260930T112531Z-f7ca7a77fa6848bb811f706d00e5daad,1401174171770bb5c7ae580db55f9dd9d4907d8da6a37a42b86a64d747f412d0,8a258885784f45d010c0d1c8fabce6c8ac46252bd0292de71a53ea69133b97e3,31c617e0589f23a8b6583002db8e9baeed97fd58d921795df899edaff8f95897
B0,last,seen_expression,4775,txpert_macro_pearson_delta_deg,0.4672073536635258,590,592,aeac5fd94123af0b73810259e5e2985228b11d65,aeac5fd94123af0b73810259e5e2985228b11d65,nadig_jurkat-seed1-20260930T112531Z-f7ca7a77fa6848bb811f706d00e5daad,1401174171770bb5c7ae580db55f9dd9d4907d8da6a37a42b86a64d747f412d0,8a258885784f45d010c0d1c8fabce6c8ac46252bd0292de71a53ea69133b97e3,31c617e0589f23a8b6583002db8e9baeed97fd58d921795df899edaff8f95897
B0,last,seen_expression,4775,trishift_pearson_delta_all,0.3114207775556997,592,592,aeac5fd94123af0b73810259e5e2985228b11d65,aeac5fd94123af0b73810259e5e2985228b11d65,nadig_jurkat-seed1-20260930T112531Z-f7ca7a77fa6848bb811f706d00e5daad,1401174171770bb5c7ae580db55f9dd9d4907d8da6a37a42b86a64d747f412d0,8a258885784f45d010c0d1c8fabce6c8ac46252bd0292de71a53ea69133b97e3,31c617e0589f23a8b6583002db8e9baeed97fd58d921795df899edaff8f95897
B0,last,seen_expression,4775,trishift_pearson_delta_deg,0.4310887512536966,590,592,aeac5fd94123af0b73810259e5e2985228b11d65,aeac5fd94123af0b73810259e5e2985228b11d65,nadig_jurkat-seed1-20260930T112531Z-f7ca7a77fa6848bb811f706d00e5daad,1401174171770bb5c7ae580db55f9dd9d4907d8da6a37a42b86a64d747f412d0,8a258885784f45d010c0d1c8fabce6c8ac46252bd0292de71a53ea69133b97e3,31c617e0589f23a8b6583002db8e9baeed97fd58d921795df899edaff8f95897
B0,last,seen_expression,4775,systema_pearson_all,0.21625558568905778,592,592,aeac5fd94123af0b73810259e5e2985228b11d65,aeac5fd94123af0b73810259e5e2985228b11d65,nadig_jurkat-seed1-20260930T112531Z-f7ca7a77fa6848bb811f706d00e5daad,1401174171770bb5c7ae580db55f9dd9d4907d8da6a37a42b86a64d747f412d0,8a258885784f45d010c0d1c8fabce6c8ac46252bd0292de71a53ea69133b97e3,31c617e0589f23a8b6583002db8e9baeed97fd58d921795df899edaff8f95897
B0,last,seen_expression,4775,systema_pearson_deg,0.27344326811275477,590,592,aeac5fd94123af0b73810259e5e2985228b11d65,aeac5fd94123af0b73810259e5e2985228b11d65,nadig_jurkat-seed1-20260930T112531Z-f7ca7a77fa6848bb811f706d00e5daad,1401174171770bb5c7ae580db55f9dd9d4907d8da6a37a42b86a64d747f412d0,8a258885784f45d010c0d1c8fabce6c8ac46252bd0292de71a53ea69133b97e3,31c617e0589f23a8b6583002db8e9baeed97fd58d921795df899edaff8f95897
B0,last,unseen_expression,225,txpert_macro_pearson_delta_all,0.1139871760196415,592,592,aeac5fd94123af0b73810259e5e2985228b11d65,aeac5fd94123af0b73810259e5e2985228b11d65,nadig_jurkat-seed1-20260930T112531Z-f7ca7a77fa6848bb811f706d00e5daad,1401174171770bb5c7ae580db55f9dd9d4907d8da6a37a42b86a64d747f412d0,8a258885784f45d010c0d1c8fabce6c8ac46252bd0292de71a53ea69133b97e3,31c617e0589f23a8b6583002db8e9baeed97fd58d921795df899edaff8f95897
B0,last,unseen_expression,225,txpert_macro_pearson_delta_deg,0.18112415501006277,147,592,aeac5fd94123af0b73810259e5e2985228b11d65,aeac5fd94123af0b73810259e5e2985228b11d65,nadig_jurkat-seed1-20260930T112531Z-f7ca7a77fa6848bb811f706d00e5daad,1401174171770bb5c7ae580db55f9dd9d4907d8da6a37a42b86a64d747f412d0,8a258885784f45d010c0d1c8fabce6c8ac46252bd0292de71a53ea69133b97e3,31c617e0589f23a8b6583002db8e9baeed97fd58d921795df899edaff8f95897
B0,last,unseen_expression,225,trishift_pearson_delta_all,0.10585811519342676,592,592,aeac5fd94123af0b73810259e5e2985228b11d65,aeac5fd94123af0b73810259e5e2985228b11d65,nadig_jurkat-seed1-20260930T112531Z-f7ca7a77fa6848bb811f706d00e5daad,1401174171770bb5c7ae580db55f9dd9d4907d8da6a37a42b86a64d747f412d0,8a258885784f45d010c0d1c8fabce6c8ac46252bd0292de71a53ea69133b97e3,31c617e0589f23a8b6583002db8e9baeed97fd58d921795df899edaff8f95897
B0,last,unseen_expression,225,trishift_pearson_delta_deg,0.13177971364774796,147,592,aeac5fd94123af0b73810259e5e2985228b11d65,aeac5fd94123af0b73810259e5e2985228b11d65,nadig_jurkat-seed1-20260930T112531Z-f7ca7a77fa6848bb811f706d00e5daad,1401174171770bb5c7ae580db55f9dd9d4907d8da6a37a42b86a64d747f412d0,8a258885784f45d010c0d1c8fabce6c8ac46252bd0292de71a53ea69133b97e3,31c617e0589f23a8b6583002db8e9baeed97fd58d921795df899edaff8f95897
B0,last,unseen_expression,225,systema_pearson_all,-0.019706616704646063,592,592,aeac5fd94123af0b73810259e5e2985228b11d65,aeac5fd94123af0b73810259e5e2985228b11d65,nadig_jurkat-seed1-20260930T112531Z-f7ca7a77fa6848bb811f706d00e5daad,1401174171770bb5c7ae580db55f9dd9d4907d8da6a37a42b86a64d747f412d0,8a258885784f45d010c0d1c8fabce6c8ac46252bd0292de71a53ea69133b97e3,31c617e0589f23a8b6583002db8e9baeed97fd58d921795df899edaff8f95897
B0,last,unseen_expression,225,systema_pearson_deg,0.07353875218649117,147,592,aeac5fd94123af0b73810259e5e2985228b11d65,aeac5fd94123af0b73810259e5e2985228b11d65,nadig_jurkat-seed1-20260930T112531Z-f7ca7a77fa6848bb811f706d00e5daad,1401174171770bb5c7ae580db55f9dd9d4907d8da6a37a42b86a64d747f412d0,8a258885784f45d010c0d1c8fabce6c8ac46252bd0292de71a53ea69133b97e3,31c617e0589f23a8b6583002db8e9baeed97fd58d921795df899edaff8f95897
E1,best,all_expression,5000,txpert_macro_pearson_delta_all,0.2180073754690289,592,592,ac220f5e90e9e5c0c9900cdb2c285a629297c93d,ac220f5e90e9e5c0c9900cdb2c285a629297c93d,nadig_jurkat-seed1-20261001T060836Z-725056771bb54902b4a82316cacbcdea,5718b2c298aaed31ae796205be5f8597a060da4106e4b0017e35f605dff68686,9f18f995f16e9d7852c8fff377cc2ccad9ed845cce210b8be8c24b37041bb86d,f00734e7ca33dc2ef7ada70aef05abab6276091cfc0c340407c0077f504104db
E1,best,all_expression,5000,txpert_macro_pearson_delta_deg,0.3813368993303338,590,592,ac220f5e90e9e5c0c9900cdb2c285a629297c93d,ac220f5e90e9e5c0c9900cdb2c285a629297c93d,nadig_jurkat-seed1-20261001T060836Z-725056771bb54902b4a82316cacbcdea,5718b2c298aaed31ae796205be5f8597a060da4106e4b0017e35f605dff68686,9f18f995f16e9d7852c8fff377cc2ccad9ed845cce210b8be8c24b37041bb86d,f00734e7ca33dc2ef7ada70aef05abab6276091cfc0c340407c0077f504104db
E1,best,all_expression,5000,trishift_pearson_delta_all,0.16987936935407638,592,592,ac220f5e90e9e5c0c9900cdb2c285a629297c93d,ac220f5e90e9e5c0c9900cdb2c285a629297c93d,nadig_jurkat-seed1-20261001T060836Z-725056771bb54902b4a82316cacbcdea,5718b2c298aaed31ae796205be5f8597a060da4106e4b0017e35f605dff68686,9f18f995f16e9d7852c8fff377cc2ccad9ed845cce210b8be8c24b37041bb86d,f00734e7ca33dc2ef7ada70aef05abab6276091cfc0c340407c0077f504104db
E1,best,all_expression,5000,trishift_pearson_delta_deg,0.3539306890383695,590,592,ac220f5e90e9e5c0c9900cdb2c285a629297c93d,ac220f5e90e9e5c0c9900cdb2c285a629297c93d,nadig_jurkat-seed1-20261001T060836Z-725056771bb54902b4a82316cacbcdea,5718b2c298aaed31ae796205be5f8597a060da4106e4b0017e35f605dff68686,9f18f995f16e9d7852c8fff377cc2ccad9ed845cce210b8be8c24b37041bb86d,f00734e7ca33dc2ef7ada70aef05abab6276091cfc0c340407c0077f504104db
E1,best,all_expression,5000,systema_pearson_all,0.07527136331787235,592,592,ac220f5e90e9e5c0c9900cdb2c285a629297c93d,ac220f5e90e9e5c0c9900cdb2c285a629297c93d,nadig_jurkat-seed1-20261001T060836Z-725056771bb54902b4a82316cacbcdea,5718b2c298aaed31ae796205be5f8597a060da4106e4b0017e35f605dff68686,9f18f995f16e9d7852c8fff377cc2ccad9ed845cce210b8be8c24b37041bb86d,f00734e7ca33dc2ef7ada70aef05abab6276091cfc0c340407c0077f504104db
E1,best,all_expression,5000,systema_pearson_deg,0.21456557835263368,590,592,ac220f5e90e9e5c0c9900cdb2c285a629297c93d,ac220f5e90e9e5c0c9900cdb2c285a629297c93d,nadig_jurkat-seed1-20261001T060836Z-725056771bb54902b4a82316cacbcdea,5718b2c298aaed31ae796205be5f8597a060da4106e4b0017e35f605dff68686,9f18f995f16e9d7852c8fff377cc2ccad9ed845cce210b8be8c24b37041bb86d,f00734e7ca33dc2ef7ada70aef05abab6276091cfc0c340407c0077f504104db
E1,best,seen_expression,4775,txpert_macro_pearson_delta_all,0.41218783138088305,592,592,ac220f5e90e9e5c0c9900cdb2c285a629297c93d,ac220f5e90e9e5c0c9900cdb2c285a629297c93d,nadig_jurkat-seed1-20261001T060836Z-725056771bb54902b4a82316cacbcdea,5718b2c298aaed31ae796205be5f8597a060da4106e4b0017e35f605dff68686,9f18f995f16e9d7852c8fff377cc2ccad9ed845cce210b8be8c24b37041bb86d,f00734e7ca33dc2ef7ada70aef05abab6276091cfc0c340407c0077f504104db
E1,best,seen_expression,4775,txpert_macro_pearson_delta_deg,0.4804747544458349,590,592,ac220f5e90e9e5c0c9900cdb2c285a629297c93d,ac220f5e90e9e5c0c9900cdb2c285a629297c93d,nadig_jurkat-seed1-20261001T060836Z-725056771bb54902b4a82316cacbcdea,5718b2c298aaed31ae796205be5f8597a060da4106e4b0017e35f605dff68686,9f18f995f16e9d7852c8fff377cc2ccad9ed845cce210b8be8c24b37041bb86d,f00734e7ca33dc2ef7ada70aef05abab6276091cfc0c340407c0077f504104db
E1,best,seen_expression,4775,trishift_pearson_delta_all,0.30461540804878395,592,592,ac220f5e90e9e5c0c9900cdb2c285a629297c93d,ac220f5e90e9e5c0c9900cdb2c285a629297c93d,nadig_jurkat-seed1-20261001T060836Z-725056771bb54902b4a82316cacbcdea,5718b2c298aaed31ae796205be5f8597a060da4106e4b0017e35f605dff68686,9f18f995f16e9d7852c8fff377cc2ccad9ed845cce210b8be8c24b37041bb86d,f00734e7ca33dc2ef7ada70aef05abab6276091cfc0c340407c0077f504104db
E1,best,seen_expression,4775,trishift_pearson_delta_deg,0.4486597292359589,590,592,ac220f5e90e9e5c0c9900cdb2c285a629297c93d,ac220f5e90e9e5c0c9900cdb2c285a629297c93d,nadig_jurkat-seed1-20261001T060836Z-725056771bb54902b4a82316cacbcdea,5718b2c298aaed31ae796205be5f8597a060da4106e4b0017e35f605dff68686,9f18f995f16e9d7852c8fff377cc2ccad9ed845cce210b8be8c24b37041bb86d,f00734e7ca33dc2ef7ada70aef05abab6276091cfc0c340407c0077f504104db
E1,best,seen_expression,4775,systema_pearson_all,0.2048639493077881,592,592,ac220f5e90e9e5c0c9900cdb2c285a629297c93d,ac220f5e90e9e5c0c9900cdb2c285a629297c93d,nadig_jurkat-seed1-20261001T060836Z-725056771bb54902b4a82316cacbcdea,5718b2c298aaed31ae796205be5f8597a060da4106e4b0017e35f605dff68686,9f18f995f16e9d7852c8fff377cc2ccad9ed845cce210b8be8c24b37041bb86d,f00734e7ca33dc2ef7ada70aef05abab6276091cfc0c340407c0077f504104db
E1,best,seen_expression,4775,systema_pearson_deg,0.26342569761093754,590,592,ac220f5e90e9e5c0c9900cdb2c285a629297c93d,ac220f5e90e9e5c0c9900cdb2c285a629297c93d,nadig_jurkat-seed1-20261001T060836Z-725056771bb54902b4a82316cacbcdea,5718b2c298aaed31ae796205be5f8597a060da4106e4b0017e35f605dff68686,9f18f995f16e9d7852c8fff377cc2ccad9ed845cce210b8be8c24b37041bb86d,f00734e7ca33dc2ef7ada70aef05abab6276091cfc0c340407c0077f504104db
E1,best,unseen_expression,225,txpert_macro_pearson_delta_all,0.13426487089066452,592,592,ac220f5e90e9e5c0c9900cdb2c285a629297c93d,ac220f5e90e9e5c0c9900cdb2c285a629297c93d,nadig_jurkat-seed1-20261001T060836Z-725056771bb54902b4a82316cacbcdea,5718b2c298aaed31ae796205be5f8597a060da4106e4b0017e35f605dff68686,9f18f995f16e9d7852c8fff377cc2ccad9ed845cce210b8be8c24b37041bb86d,f00734e7ca33dc2ef7ada70aef05abab6276091cfc0c340407c0077f504104db
E1,best,unseen_expression,225,txpert_macro_pearson_delta_deg,0.17198821831427405,147,592,ac220f5e90e9e5c0c9900cdb2c285a629297c93d,ac220f5e90e9e5c0c9900cdb2c285a629297c93d,nadig_jurkat-seed1-20261001T060836Z-725056771bb54902b4a82316cacbcdea,5718b2c298aaed31ae796205be5f8597a060da4106e4b0017e35f605dff68686,9f18f995f16e9d7852c8fff377cc2ccad9ed845cce210b8be8c24b37041bb86d,f00734e7ca33dc2ef7ada70aef05abab6276091cfc0c340407c0077f504104db
E1,best,unseen_expression,225,trishift_pearson_delta_all,0.1260947848422563,592,592,ac220f5e90e9e5c0c9900cdb2c285a629297c93d,ac220f5e90e9e5c0c9900cdb2c285a629297c93d,nadig_jurkat-seed1-20261001T060836Z-725056771bb54902b4a82316cacbcdea,5718b2c298aaed31ae796205be5f8597a060da4106e4b0017e35f605dff68686,9f18f995f16e9d7852c8fff377cc2ccad9ed845cce210b8be8c24b37041bb86d,f00734e7ca33dc2ef7ada70aef05abab6276091cfc0c340407c0077f504104db
E1,best,unseen_expression,225,trishift_pearson_delta_deg,0.11803110401856629,147,592,ac220f5e90e9e5c0c9900cdb2c285a629297c93d,ac220f5e90e9e5c0c9900cdb2c285a629297c93d,nadig_jurkat-seed1-20261001T060836Z-725056771bb54902b4a82316cacbcdea,5718b2c298aaed31ae796205be5f8597a060da4106e4b0017e35f605dff68686,9f18f995f16e9d7852c8fff377cc2ccad9ed845cce210b8be8c24b37041bb86d,f00734e7ca33dc2ef7ada70aef05abab6276091cfc0c340407c0077f504104db
E1,best,unseen_expression,225,systema_pearson_all,-0.024319112534092947,592,592,ac220f5e90e9e5c0c9900cdb2c285a629297c93d,ac220f5e90e9e5c0c9900cdb2c285a629297c93d,nadig_jurkat-seed1-20261001T060836Z-725056771bb54902b4a82316cacbcdea,5718b2c298aaed31ae796205be5f8597a060da4106e4b0017e35f605dff68686,9f18f995f16e9d7852c8fff377cc2ccad9ed845cce210b8be8c24b37041bb86d,f00734e7ca33dc2ef7ada70aef05abab6276091cfc0c340407c0077f504104db
E1,best,unseen_expression,225,systema_pearson_deg,0.032461502913340615,147,592,ac220f5e90e9e5c0c9900cdb2c285a629297c93d,ac220f5e90e9e5c0c9900cdb2c285a629297c93d,nadig_jurkat-seed1-20261001T060836Z-725056771bb54902b4a82316cacbcdea,5718b2c298aaed31ae796205be5f8597a060da4106e4b0017e35f605dff68686,9f18f995f16e9d7852c8fff377cc2ccad9ed845cce210b8be8c24b37041bb86d,f00734e7ca33dc2ef7ada70aef05abab6276091cfc0c340407c0077f504104db
E1,last,all_expression,5000,txpert_macro_pearson_delta_all,0.2180073754690289,592,592,ac220f5e90e9e5c0c9900cdb2c285a629297c93d,ac220f5e90e9e5c0c9900cdb2c285a629297c93d,nadig_jurkat-seed1-20261001T060836Z-725056771bb54902b4a82316cacbcdea,5718b2c298aaed31ae796205be5f8597a060da4106e4b0017e35f605dff68686,9f18f995f16e9d7852c8fff377cc2ccad9ed845cce210b8be8c24b37041bb86d,099cdd61ada3d060ddd9b6524c1029e098e68db109d0a8bd22f062c8ce06fc25
E1,last,all_expression,5000,txpert_macro_pearson_delta_deg,0.3813368993303338,590,592,ac220f5e90e9e5c0c9900cdb2c285a629297c93d,ac220f5e90e9e5c0c9900cdb2c285a629297c93d,nadig_jurkat-seed1-20261001T060836Z-725056771bb54902b4a82316cacbcdea,5718b2c298aaed31ae796205be5f8597a060da4106e4b0017e35f605dff68686,9f18f995f16e9d7852c8fff377cc2ccad9ed845cce210b8be8c24b37041bb86d,099cdd61ada3d060ddd9b6524c1029e098e68db109d0a8bd22f062c8ce06fc25
E1,last,all_expression,5000,trishift_pearson_delta_all,0.16987936935407638,592,592,ac220f5e90e9e5c0c9900cdb2c285a629297c93d,ac220f5e90e9e5c0c9900cdb2c285a629297c93d,nadig_jurkat-seed1-20261001T060836Z-725056771bb54902b4a82316cacbcdea,5718b2c298aaed31ae796205be5f8597a060da4106e4b0017e35f605dff68686,9f18f995f16e9d7852c8fff377cc2ccad9ed845cce210b8be8c24b37041bb86d,099cdd61ada3d060ddd9b6524c1029e098e68db109d0a8bd22f062c8ce06fc25
E1,last,all_expression,5000,trishift_pearson_delta_deg,0.3539306890383695,590,592,ac220f5e90e9e5c0c9900cdb2c285a629297c93d,ac220f5e90e9e5c0c9900cdb2c285a629297c93d,nadig_jurkat-seed1-20261001T060836Z-725056771bb54902b4a82316cacbcdea,5718b2c298aaed31ae796205be5f8597a060da4106e4b0017e35f605dff68686,9f18f995f16e9d7852c8fff377cc2ccad9ed845cce210b8be8c24b37041bb86d,099cdd61ada3d060ddd9b6524c1029e098e68db109d0a8bd22f062c8ce06fc25
E1,last,all_expression,5000,systema_pearson_all,0.07527136331787235,592,592,ac220f5e90e9e5c0c9900cdb2c285a629297c93d,ac220f5e90e9e5c0c9900cdb2c285a629297c93d,nadig_jurkat-seed1-20261001T060836Z-725056771bb54902b4a82316cacbcdea,5718b2c298aaed31ae796205be5f8597a060da4106e4b0017e35f605dff68686,9f18f995f16e9d7852c8fff377cc2ccad9ed845cce210b8be8c24b37041bb86d,099cdd61ada3d060ddd9b6524c1029e098e68db109d0a8bd22f062c8ce06fc25
E1,last,all_expression,5000,systema_pearson_deg,0.21456557835263368,590,592,ac220f5e90e9e5c0c9900cdb2c285a629297c93d,ac220f5e90e9e5c0c9900cdb2c285a629297c93d,nadig_jurkat-seed1-20261001T060836Z-725056771bb54902b4a82316cacbcdea,5718b2c298aaed31ae796205be5f8597a060da4106e4b0017e35f605dff68686,9f18f995f16e9d7852c8fff377cc2ccad9ed845cce210b8be8c24b37041bb86d,099cdd61ada3d060ddd9b6524c1029e098e68db109d0a8bd22f062c8ce06fc25
E1,last,seen_expression,4775,txpert_macro_pearson_delta_all,0.41218783138088305,592,592,ac220f5e90e9e5c0c9900cdb2c285a629297c93d,ac220f5e90e9e5c0c9900cdb2c285a629297c93d,nadig_jurkat-seed1-20261001T060836Z-725056771bb54902b4a82316cacbcdea,5718b2c298aaed31ae796205be5f8597a060da4106e4b0017e35f605dff68686,9f18f995f16e9d7852c8fff377cc2ccad9ed845cce210b8be8c24b37041bb86d,099cdd61ada3d060ddd9b6524c1029e098e68db109d0a8bd22f062c8ce06fc25
E1,last,seen_expression,4775,txpert_macro_pearson_delta_deg,0.4804747544458349,590,592,ac220f5e90e9e5c0c9900cdb2c285a629297c93d,ac220f5e90e9e5c0c9900cdb2c285a629297c93d,nadig_jurkat-seed1-20261001T060836Z-725056771bb54902b4a82316cacbcdea,5718b2c298aaed31ae796205be5f8597a060da4106e4b0017e35f605dff68686,9f18f995f16e9d7852c8fff377cc2ccad9ed845cce210b8be8c24b37041bb86d,099cdd61ada3d060ddd9b6524c1029e098e68db109d0a8bd22f062c8ce06fc25
E1,last,seen_expression,4775,trishift_pearson_delta_all,0.30461540804878395,592,592,ac220f5e90e9e5c0c9900cdb2c285a629297c93d,ac220f5e90e9e5c0c9900cdb2c285a629297c93d,nadig_jurkat-seed1-20261001T060836Z-725056771bb54902b4a82316cacbcdea,5718b2c298aaed31ae796205be5f8597a060da4106e4b0017e35f605dff68686,9f18f995f16e9d7852c8fff377cc2ccad9ed845cce210b8be8c24b37041bb86d,099cdd61ada3d060ddd9b6524c1029e098e68db109d0a8bd22f062c8ce06fc25
E1,last,seen_expression,4775,trishift_pearson_delta_deg,0.4486597292359589,590,592,ac220f5e90e9e5c0c9900cdb2c285a629297c93d,ac220f5e90e9e5c0c9900cdb2c285a629297c93d,nadig_jurkat-seed1-20261001T060836Z-725056771bb54902b4a82316cacbcdea,5718b2c298aaed31ae796205be5f8597a060da4106e4b0017e35f605dff68686,9f18f995f16e9d7852c8fff377cc2ccad9ed845cce210b8be8c24b37041bb86d,099cdd61ada3d060ddd9b6524c1029e098e68db109d0a8bd22f062c8ce06fc25
E1,last,seen_expression,4775,systema_pearson_all,0.2048639493077881,592,592,ac220f5e90e9e5c0c9900cdb2c285a629297c93d,ac220f5e90e9e5c0c9900cdb2c285a629297c93d,nadig_jurkat-seed1-20261001T060836Z-725056771bb54902b4a82316cacbcdea,5718b2c298aaed31ae796205be5f8597a060da4106e4b0017e35f605dff68686,9f18f995f16e9d7852c8fff377cc2ccad9ed845cce210b8be8c24b37041bb86d,099cdd61ada3d060ddd9b6524c1029e098e68db109d0a8bd22f062c8ce06fc25
E1,last,seen_expression,4775,systema_pearson_deg,0.26342569761093754,590,592,ac220f5e90e9e5c0c9900cdb2c285a629297c93d,ac220f5e90e9e5c0c9900cdb2c285a629297c93d,nadig_jurkat-seed1-20261001T060836Z-725056771bb54902b4a82316cacbcdea,5718b2c298aaed31ae796205be5f8597a060da4106e4b0017e35f605dff68686,9f18f995f16e9d7852c8fff377cc2ccad9ed845cce210b8be8c24b37041bb86d,099cdd61ada3d060ddd9b6524c1029e098e68db109d0a8bd22f062c8ce06fc25
E1,last,unseen_expression,225,txpert_macro_pearson_delta_all,0.13426487089066452,592,592,ac220f5e90e9e5c0c9900cdb2c285a629297c93d,ac220f5e90e9e5c0c9900cdb2c285a629297c93d,nadig_jurkat-seed1-20261001T060836Z-725056771bb54902b4a82316cacbcdea,5718b2c298aaed31ae796205be5f8597a060da4106e4b0017e35f605dff68686,9f18f995f16e9d7852c8fff377cc2ccad9ed845cce210b8be8c24b37041bb86d,099cdd61ada3d060ddd9b6524c1029e098e68db109d0a8bd22f062c8ce06fc25
E1,last,unseen_expression,225,txpert_macro_pearson_delta_deg,0.17198821831427405,147,592,ac220f5e90e9e5c0c9900cdb2c285a629297c93d,ac220f5e90e9e5c0c9900cdb2c285a629297c93d,nadig_jurkat-seed1-20261001T060836Z-725056771bb54902b4a82316cacbcdea,5718b2c298aaed31ae796205be5f8597a060da4106e4b0017e35f605dff68686,9f18f995f16e9d7852c8fff377cc2ccad9ed845cce210b8be8c24b37041bb86d,099cdd61ada3d060ddd9b6524c1029e098e68db109d0a8bd22f062c8ce06fc25
E1,last,unseen_expression,225,trishift_pearson_delta_all,0.1260947848422563,592,592,ac220f5e90e9e5c0c9900cdb2c285a629297c93d,ac220f5e90e9e5c0c9900cdb2c285a629297c93d,nadig_jurkat-seed1-20261001T060836Z-725056771bb54902b4a82316cacbcdea,5718b2c298aaed31ae796205be5f8597a060da4106e4b0017e35f605dff68686,9f18f995f16e9d7852c8fff377cc2ccad9ed845cce210b8be8c24b37041bb86d,099cdd61ada3d060ddd9b6524c1029e098e68db109d0a8bd22f062c8ce06fc25
E1,last,unseen_expression,225,trishift_pearson_delta_deg,0.11803110401856629,147,592,ac220f5e90e9e5c0c9900cdb2c285a629297c93d,ac220f5e90e9e5c0c9900cdb2c285a629297c93d,nadig_jurkat-seed1-20261001T060836Z-725056771bb54902b4a82316cacbcdea,5718b2c298aaed31ae796205be5f8597a060da4106e4b0017e35f605dff68686,9f18f995f16e9d7852c8fff377cc2ccad9ed845cce210b8be8c24b37041bb86d,099cdd61ada3d060ddd9b6524c1029e098e68db109d0a8bd22f062c8ce06fc25
E1,last,unseen_expression,225,systema_pearson_all,-0.024319112534092947,592,592,ac220f5e90e9e5c0c9900cdb2c285a629297c93d,ac220f5e90e9e5c0c9900cdb2c285a629297c93d,nadig_jurkat-seed1-20261001T060836Z-725056771bb54902b4a82316cacbcdea,5718b2c298aaed31ae796205be5f8597a060da4106e4b0017e35f605dff68686,9f18f995f16e9d7852c8fff377cc2ccad9ed845cce210b8be8c24b37041bb86d,099cdd61ada3d060ddd9b6524c1029e098e68db109d0a8bd22f062c8ce06fc25
E1,last,unseen_expression,225,systema_pearson_deg,0.032461502913340615,147,592,ac220f5e90e9e5c0c9900cdb2c285a629297c93d,ac220f5e90e9e5c0c9900cdb2c285a629297c93d,nadig_jurkat-seed1-20261001T060836Z-725056771bb54902b4a82316cacbcdea,5718b2c298aaed31ae796205be5f8597a060da4106e4b0017e35f605dff68686,9f18f995f16e9d7852c8fff377cc2ccad9ed845cce210b8be8c24b37041bb86d,099cdd61ada3d060ddd9b6524c1029e098e68db109d0a8bd22f062c8ce06fc25
E2,best,all_expression,5000,txpert_macro_pearson_delta_all,0.2091930552962766,592,592,2871c4e79a70b7d0d4f900866ce019316b68670f,2871c4e79a70b7d0d4f900866ce019316b68670f,nadig_jurkat-seed1-20261003T072409Z-ba327c39fdfb46c2b3a9c8023d5e409f,5197a3e3d7bfe57a7545b4cc1dad8ff7b5c666dd521bb298cec1ed2d9dabe64f,35349edebeba8014c45758ddd4e868081d5da25fb89155e12ebbf1f126863339,a1f2ec282c38d02279b083a9b0a3b9ad8579cd0313b996585af312137792971c
E2,best,all_expression,5000,txpert_macro_pearson_delta_deg,0.355426610527317,590,592,2871c4e79a70b7d0d4f900866ce019316b68670f,2871c4e79a70b7d0d4f900866ce019316b68670f,nadig_jurkat-seed1-20261003T072409Z-ba327c39fdfb46c2b3a9c8023d5e409f,5197a3e3d7bfe57a7545b4cc1dad8ff7b5c666dd521bb298cec1ed2d9dabe64f,35349edebeba8014c45758ddd4e868081d5da25fb89155e12ebbf1f126863339,a1f2ec282c38d02279b083a9b0a3b9ad8579cd0313b996585af312137792971c
E2,best,all_expression,5000,trishift_pearson_delta_all,0.16447842421345127,592,592,2871c4e79a70b7d0d4f900866ce019316b68670f,2871c4e79a70b7d0d4f900866ce019316b68670f,nadig_jurkat-seed1-20261003T072409Z-ba327c39fdfb46c2b3a9c8023d5e409f,5197a3e3d7bfe57a7545b4cc1dad8ff7b5c666dd521bb298cec1ed2d9dabe64f,35349edebeba8014c45758ddd4e868081d5da25fb89155e12ebbf1f126863339,a1f2ec282c38d02279b083a9b0a3b9ad8579cd0313b996585af312137792971c
E2,best,all_expression,5000,trishift_pearson_delta_deg,0.31986182524023066,590,592,2871c4e79a70b7d0d4f900866ce019316b68670f,2871c4e79a70b7d0d4f900866ce019316b68670f,nadig_jurkat-seed1-20261003T072409Z-ba327c39fdfb46c2b3a9c8023d5e409f,5197a3e3d7bfe57a7545b4cc1dad8ff7b5c666dd521bb298cec1ed2d9dabe64f,35349edebeba8014c45758ddd4e868081d5da25fb89155e12ebbf1f126863339,a1f2ec282c38d02279b083a9b0a3b9ad8579cd0313b996585af312137792971c
E2,best,all_expression,5000,systema_pearson_all,0.0813265475824916,592,592,2871c4e79a70b7d0d4f900866ce019316b68670f,2871c4e79a70b7d0d4f900866ce019316b68670f,nadig_jurkat-seed1-20261003T072409Z-ba327c39fdfb46c2b3a9c8023d5e409f,5197a3e3d7bfe57a7545b4cc1dad8ff7b5c666dd521bb298cec1ed2d9dabe64f,35349edebeba8014c45758ddd4e868081d5da25fb89155e12ebbf1f126863339,a1f2ec282c38d02279b083a9b0a3b9ad8579cd0313b996585af312137792971c
E2,best,all_expression,5000,systema_pearson_deg,0.20100133683381713,590,592,2871c4e79a70b7d0d4f900866ce019316b68670f,2871c4e79a70b7d0d4f900866ce019316b68670f,nadig_jurkat-seed1-20261003T072409Z-ba327c39fdfb46c2b3a9c8023d5e409f,5197a3e3d7bfe57a7545b4cc1dad8ff7b5c666dd521bb298cec1ed2d9dabe64f,35349edebeba8014c45758ddd4e868081d5da25fb89155e12ebbf1f126863339,a1f2ec282c38d02279b083a9b0a3b9ad8579cd0313b996585af312137792971c
E2,best,seen_expression,4775,txpert_macro_pearson_delta_all,0.41594392037844957,592,592,2871c4e79a70b7d0d4f900866ce019316b68670f,2871c4e79a70b7d0d4f900866ce019316b68670f,nadig_jurkat-seed1-20261003T072409Z-ba327c39fdfb46c2b3a9c8023d5e409f,5197a3e3d7bfe57a7545b4cc1dad8ff7b5c666dd521bb298cec1ed2d9dabe64f,35349edebeba8014c45758ddd4e868081d5da25fb89155e12ebbf1f126863339,a1f2ec282c38d02279b083a9b0a3b9ad8579cd0313b996585af312137792971c
E2,best,seen_expression,4775,txpert_macro_pearson_delta_deg,0.45357445689648895,590,592,2871c4e79a70b7d0d4f900866ce019316b68670f,2871c4e79a70b7d0d4f900866ce019316b68670f,nadig_jurkat-seed1-20261003T072409Z-ba327c39fdfb46c2b3a9c8023d5e409f,5197a3e3d7bfe57a7545b4cc1dad8ff7b5c666dd521bb298cec1ed2d9dabe64f,35349edebeba8014c45758ddd4e868081d5da25fb89155e12ebbf1f126863339,a1f2ec282c38d02279b083a9b0a3b9ad8579cd0313b996585af312137792971c
E2,best,seen_expression,4775,trishift_pearson_delta_all,0.30465555941375366,592,592,2871c4e79a70b7d0d4f900866ce019316b68670f,2871c4e79a70b7d0d4f900866ce019316b68670f,nadig_jurkat-seed1-20261003T072409Z-ba327c39fdfb46c2b3a9c8023d5e409f,5197a3e3d7bfe57a7545b4cc1dad8ff7b5c666dd521bb298cec1ed2d9dabe64f,35349edebeba8014c45758ddd4e868081d5da25fb89155e12ebbf1f126863339,a1f2ec282c38d02279b083a9b0a3b9ad8579cd0313b996585af312137792971c
E2,best,seen_expression,4775,trishift_pearson_delta_deg,0.4083012893552633,590,592,2871c4e79a70b7d0d4f900866ce019316b68670f,2871c4e79a70b7d0d4f900866ce019316b68670f,nadig_jurkat-seed1-20261003T072409Z-ba327c39fdfb46c2b3a9c8023d5e409f,5197a3e3d7bfe57a7545b4cc1dad8ff7b5c666dd521bb298cec1ed2d9dabe64f,35349edebeba8014c45758ddd4e868081d5da25fb89155e12ebbf1f126863339,a1f2ec282c38d02279b083a9b0a3b9ad8579cd0313b996585af312137792971c
E2,best,seen_expression,4775,systema_pearson_all,0.22891160960081516,592,592,2871c4e79a70b7d0d4f900866ce019316b68670f,2871c4e79a70b7d0d4f900866ce019316b68670f,nadig_jurkat-seed1-20261003T072409Z-ba327c39fdfb46c2b3a9c8023d5e409f,5197a3e3d7bfe57a7545b4cc1dad8ff7b5c666dd521bb298cec1ed2d9dabe64f,35349edebeba8014c45758ddd4e868081d5da25fb89155e12ebbf1f126863339,a1f2ec282c38d02279b083a9b0a3b9ad8579cd0313b996585af312137792971c
E2,best,seen_expression,4775,systema_pearson_deg,0.2538691755098781,590,592,2871c4e79a70b7d0d4f900866ce019316b68670f,2871c4e79a70b7d0d4f900866ce019316b68670f,nadig_jurkat-seed1-20261003T072409Z-ba327c39fdfb46c2b3a9c8023d5e409f,5197a3e3d7bfe57a7545b4cc1dad8ff7b5c666dd521bb298cec1ed2d9dabe64f,35349edebeba8014c45758ddd4e868081d5da25fb89155e12ebbf1f126863339,a1f2ec282c38d02279b083a9b0a3b9ad8579cd0313b996585af312137792971c
E2,best,unseen_expression,225,txpert_macro_pearson_delta_all,0.1268885425984865,592,592,2871c4e79a70b7d0d4f900866ce019316b68670f,2871c4e79a70b7d0d4f900866ce019316b68670f,nadig_jurkat-seed1-20261003T072409Z-ba327c39fdfb46c2b3a9c8023d5e409f,5197a3e3d7bfe57a7545b4cc1dad8ff7b5c666dd521bb298cec1ed2d9dabe64f,35349edebeba8014c45758ddd4e868081d5da25fb89155e12ebbf1f126863339,a1f2ec282c38d02279b083a9b0a3b9ad8579cd0313b996585af312137792971c
E2,best,unseen_expression,225,txpert_macro_pearson_delta_deg,0.11929696956379572,147,592,2871c4e79a70b7d0d4f900866ce019316b68670f,2871c4e79a70b7d0d4f900866ce019316b68670f,nadig_jurkat-seed1-20261003T072409Z-ba327c39fdfb46c2b3a9c8023d5e409f,5197a3e3d7bfe57a7545b4cc1dad8ff7b5c666dd521bb298cec1ed2d9dabe64f,35349edebeba8014c45758ddd4e868081d5da25fb89155e12ebbf1f126863339,a1f2ec282c38d02279b083a9b0a3b9ad8579cd0313b996585af312137792971c
E2,best,unseen_expression,225,trishift_pearson_delta_all,0.11985159708922258,592,592,2871c4e79a70b7d0d4f900866ce019316b68670f,2871c4e79a70b7d0d4f900866ce019316b68670f,nadig_jurkat-seed1-20261003T072409Z-ba327c39fdfb46c2b3a9c8023d5e409f,5197a3e3d7bfe57a7545b4cc1dad8ff7b5c666dd521bb298cec1ed2d9dabe64f,35349edebeba8014c45758ddd4e868081d5da25fb89155e12ebbf1f126863339,a1f2ec282c38d02279b083a9b0a3b9ad8579cd0313b996585af312137792971c
E2,best,unseen_expression,225,trishift_pearson_delta_deg,0.09577759160564386,147,592,2871c4e79a70b7d0d4f900866ce019316b68670f,2871c4e79a70b7d0d4f900866ce019316b68670f,nadig_jurkat-seed1-20261003T072409Z-ba327c39fdfb46c2b3a9c8023d5e409f,5197a3e3d7bfe57a7545b4cc1dad8ff7b5c666dd521bb298cec1ed2d9dabe64f,35349edebeba8014c45758ddd4e868081d5da25fb89155e12ebbf1f126863339,a1f2ec282c38d02279b083a9b0a3b9ad8579cd0313b996585af312137792971c
E2,best,unseen_expression,225,systema_pearson_all,-0.02201231838915027,592,592,2871c4e79a70b7d0d4f900866ce019316b68670f,2871c4e79a70b7d0d4f900866ce019316b68670f,nadig_jurkat-seed1-20261003T072409Z-ba327c39fdfb46c2b3a9c8023d5e409f,5197a3e3d7bfe57a7545b4cc1dad8ff7b5c666dd521bb298cec1ed2d9dabe64f,35349edebeba8014c45758ddd4e868081d5da25fb89155e12ebbf1f126863339,a1f2ec282c38d02279b083a9b0a3b9ad8579cd0313b996585af312137792971c
E2,best,unseen_expression,225,systema_pearson_deg,0.008502318226356767,147,592,2871c4e79a70b7d0d4f900866ce019316b68670f,2871c4e79a70b7d0d4f900866ce019316b68670f,nadig_jurkat-seed1-20261003T072409Z-ba327c39fdfb46c2b3a9c8023d5e409f,5197a3e3d7bfe57a7545b4cc1dad8ff7b5c666dd521bb298cec1ed2d9dabe64f,35349edebeba8014c45758ddd4e868081d5da25fb89155e12ebbf1f126863339,a1f2ec282c38d02279b083a9b0a3b9ad8579cd0313b996585af312137792971c
E2,last,all_expression,5000,txpert_macro_pearson_delta_all,0.2091930552962766,592,592,2871c4e79a70b7d0d4f900866ce019316b68670f,2871c4e79a70b7d0d4f900866ce019316b68670f,nadig_jurkat-seed1-20261003T072409Z-ba327c39fdfb46c2b3a9c8023d5e409f,5197a3e3d7bfe57a7545b4cc1dad8ff7b5c666dd521bb298cec1ed2d9dabe64f,35349edebeba8014c45758ddd4e868081d5da25fb89155e12ebbf1f126863339,5a2942ea2a3a60d4ba3e8a65a17bc06cb6f1765d8155557156d38830f59f23ca
E2,last,all_expression,5000,txpert_macro_pearson_delta_deg,0.355426610527317,590,592,2871c4e79a70b7d0d4f900866ce019316b68670f,2871c4e79a70b7d0d4f900866ce019316b68670f,nadig_jurkat-seed1-20261003T072409Z-ba327c39fdfb46c2b3a9c8023d5e409f,5197a3e3d7bfe57a7545b4cc1dad8ff7b5c666dd521bb298cec1ed2d9dabe64f,35349edebeba8014c45758ddd4e868081d5da25fb89155e12ebbf1f126863339,5a2942ea2a3a60d4ba3e8a65a17bc06cb6f1765d8155557156d38830f59f23ca
E2,last,all_expression,5000,trishift_pearson_delta_all,0.16447842421345127,592,592,2871c4e79a70b7d0d4f900866ce019316b68670f,2871c4e79a70b7d0d4f900866ce019316b68670f,nadig_jurkat-seed1-20261003T072409Z-ba327c39fdfb46c2b3a9c8023d5e409f,5197a3e3d7bfe57a7545b4cc1dad8ff7b5c666dd521bb298cec1ed2d9dabe64f,35349edebeba8014c45758ddd4e868081d5da25fb89155e12ebbf1f126863339,5a2942ea2a3a60d4ba3e8a65a17bc06cb6f1765d8155557156d38830f59f23ca
E2,last,all_expression,5000,trishift_pearson_delta_deg,0.31986182524023066,590,592,2871c4e79a70b7d0d4f900866ce019316b68670f,2871c4e79a70b7d0d4f900866ce019316b68670f,nadig_jurkat-seed1-20261003T072409Z-ba327c39fdfb46c2b3a9c8023d5e409f,5197a3e3d7bfe57a7545b4cc1dad8ff7b5c666dd521bb298cec1ed2d9dabe64f,35349edebeba8014c45758ddd4e868081d5da25fb89155e12ebbf1f126863339,5a2942ea2a3a60d4ba3e8a65a17bc06cb6f1765d8155557156d38830f59f23ca
E2,last,all_expression,5000,systema_pearson_all,0.0813265475824916,592,592,2871c4e79a70b7d0d4f900866ce019316b68670f,2871c4e79a70b7d0d4f900866ce019316b68670f,nadig_jurkat-seed1-20261003T072409Z-ba327c39fdfb46c2b3a9c8023d5e409f,5197a3e3d7bfe57a7545b4cc1dad8ff7b5c666dd521bb298cec1ed2d9dabe64f,35349edebeba8014c45758ddd4e868081d5da25fb89155e12ebbf1f126863339,5a2942ea2a3a60d4ba3e8a65a17bc06cb6f1765d8155557156d38830f59f23ca
E2,last,all_expression,5000,systema_pearson_deg,0.20100133683381713,590,592,2871c4e79a70b7d0d4f900866ce019316b68670f,2871c4e79a70b7d0d4f900866ce019316b68670f,nadig_jurkat-seed1-20261003T072409Z-ba327c39fdfb46c2b3a9c8023d5e409f,5197a3e3d7bfe57a7545b4cc1dad8ff7b5c666dd521bb298cec1ed2d9dabe64f,35349edebeba8014c45758ddd4e868081d5da25fb89155e12ebbf1f126863339,5a2942ea2a3a60d4ba3e8a65a17bc06cb6f1765d8155557156d38830f59f23ca
E2,last,seen_expression,4775,txpert_macro_pearson_delta_all,0.41594392037844957,592,592,2871c4e79a70b7d0d4f900866ce019316b68670f,2871c4e79a70b7d0d4f900866ce019316b68670f,nadig_jurkat-seed1-20261003T072409Z-ba327c39fdfb46c2b3a9c8023d5e409f,5197a3e3d7bfe57a7545b4cc1dad8ff7b5c666dd521bb298cec1ed2d9dabe64f,35349edebeba8014c45758ddd4e868081d5da25fb89155e12ebbf1f126863339,5a2942ea2a3a60d4ba3e8a65a17bc06cb6f1765d8155557156d38830f59f23ca
E2,last,seen_expression,4775,txpert_macro_pearson_delta_deg,0.45357445689648895,590,592,2871c4e79a70b7d0d4f900866ce019316b68670f,2871c4e79a70b7d0d4f900866ce019316b68670f,nadig_jurkat-seed1-20261003T072409Z-ba327c39fdfb46c2b3a9c8023d5e409f,5197a3e3d7bfe57a7545b4cc1dad8ff7b5c666dd521bb298cec1ed2d9dabe64f,35349edebeba8014c45758ddd4e868081d5da25fb89155e12ebbf1f126863339,5a2942ea2a3a60d4ba3e8a65a17bc06cb6f1765d8155557156d38830f59f23ca
E2,last,seen_expression,4775,trishift_pearson_delta_all,0.30465555941375366,592,592,2871c4e79a70b7d0d4f900866ce019316b68670f,2871c4e79a70b7d0d4f900866ce019316b68670f,nadig_jurkat-seed1-20261003T072409Z-ba327c39fdfb46c2b3a9c8023d5e409f,5197a3e3d7bfe57a7545b4cc1dad8ff7b5c666dd521bb298cec1ed2d9dabe64f,35349edebeba8014c45758ddd4e868081d5da25fb89155e12ebbf1f126863339,5a2942ea2a3a60d4ba3e8a65a17bc06cb6f1765d8155557156d38830f59f23ca
E2,last,seen_expression,4775,trishift_pearson_delta_deg,0.4083012893552633,590,592,2871c4e79a70b7d0d4f900866ce019316b68670f,2871c4e79a70b7d0d4f900866ce019316b68670f,nadig_jurkat-seed1-20261003T072409Z-ba327c39fdfb46c2b3a9c8023d5e409f,5197a3e3d7bfe57a7545b4cc1dad8ff7b5c666dd521bb298cec1ed2d9dabe64f,35349edebeba8014c45758ddd4e868081d5da25fb89155e12ebbf1f126863339,5a2942ea2a3a60d4ba3e8a65a17bc06cb6f1765d8155557156d38830f59f23ca
E2,last,seen_expression,4775,systema_pearson_all,0.22891160960081516,592,592,2871c4e79a70b7d0d4f900866ce019316b68670f,2871c4e79a70b7d0d4f900866ce019316b68670f,nadig_jurkat-seed1-20261003T072409Z-ba327c39fdfb46c2b3a9c8023d5e409f,5197a3e3d7bfe57a7545b4cc1dad8ff7b5c666dd521bb298cec1ed2d9dabe64f,35349edebeba8014c45758ddd4e868081d5da25fb89155e12ebbf1f126863339,5a2942ea2a3a60d4ba3e8a65a17bc06cb6f1765d8155557156d38830f59f23ca
E2,last,seen_expression,4775,systema_pearson_deg,0.2538691755098781,590,592,2871c4e79a70b7d0d4f900866ce019316b68670f,2871c4e79a70b7d0d4f900866ce019316b68670f,nadig_jurkat-seed1-20261003T072409Z-ba327c39fdfb46c2b3a9c8023d5e409f,5197a3e3d7bfe57a7545b4cc1dad8ff7b5c666dd521bb298cec1ed2d9dabe64f,35349edebeba8014c45758ddd4e868081d5da25fb89155e12ebbf1f126863339,5a2942ea2a3a60d4ba3e8a65a17bc06cb6f1765d8155557156d38830f59f23ca
E2,last,unseen_expression,225,txpert_macro_pearson_delta_all,0.1268885425984865,592,592,2871c4e79a70b7d0d4f900866ce019316b68670f,2871c4e79a70b7d0d4f900866ce019316b68670f,nadig_jurkat-seed1-20261003T072409Z-ba327c39fdfb46c2b3a9c8023d5e409f,5197a3e3d7bfe57a7545b4cc1dad8ff7b5c666dd521bb298cec1ed2d9dabe64f,35349edebeba8014c45758ddd4e868081d5da25fb89155e12ebbf1f126863339,5a2942ea2a3a60d4ba3e8a65a17bc06cb6f1765d8155557156d38830f59f23ca
E2,last,unseen_expression,225,txpert_macro_pearson_delta_deg,0.11929696956379572,147,592,2871c4e79a70b7d0d4f900866ce019316b68670f,2871c4e79a70b7d0d4f900866ce019316b68670f,nadig_jurkat-seed1-20261003T072409Z-ba327c39fdfb46c2b3a9c8023d5e409f,5197a3e3d7bfe57a7545b4cc1dad8ff7b5c666dd521bb298cec1ed2d9dabe64f,35349edebeba8014c45758ddd4e868081d5da25fb89155e12ebbf1f126863339,5a2942ea2a3a60d4ba3e8a65a17bc06cb6f1765d8155557156d38830f59f23ca
E2,last,unseen_expression,225,trishift_pearson_delta_all,0.11985159708922258,592,592,2871c4e79a70b7d0d4f900866ce019316b68670f,2871c4e79a70b7d0d4f900866ce019316b68670f,nadig_jurkat-seed1-20261003T072409Z-ba327c39fdfb46c2b3a9c8023d5e409f,5197a3e3d7bfe57a7545b4cc1dad8ff7b5c666dd521bb298cec1ed2d9dabe64f,35349edebeba8014c45758ddd4e868081d5da25fb89155e12ebbf1f126863339,5a2942ea2a3a60d4ba3e8a65a17bc06cb6f1765d8155557156d38830f59f23ca
E2,last,unseen_expression,225,trishift_pearson_delta_deg,0.09577759160564386,147,592,2871c4e79a70b7d0d4f900866ce019316b68670f,2871c4e79a70b7d0d4f900866ce019316b68670f,nadig_jurkat-seed1-20261003T072409Z-ba327c39fdfb46c2b3a9c8023d5e409f,5197a3e3d7bfe57a7545b4cc1dad8ff7b5c666dd521bb298cec1ed2d9dabe64f,35349edebeba8014c45758ddd4e868081d5da25fb89155e12ebbf1f126863339,5a2942ea2a3a60d4ba3e8a65a17bc06cb6f1765d8155557156d38830f59f23ca
E2,last,unseen_expression,225,systema_pearson_all,-0.02201231838915027,592,592,2871c4e79a70b7d0d4f900866ce019316b68670f,2871c4e79a70b7d0d4f900866ce019316b68670f,nadig_jurkat-seed1-20261003T072409Z-ba327c39fdfb46c2b3a9c8023d5e409f,5197a3e3d7bfe57a7545b4cc1dad8ff7b5c666dd521bb298cec1ed2d9dabe64f,35349edebeba8014c45758ddd4e868081d5da25fb89155e12ebbf1f126863339,5a2942ea2a3a60d4ba3e8a65a17bc06cb6f1765d8155557156d38830f59f23ca
E2,last,unseen_expression,225,systema_pearson_deg,0.008502318226356767,147,592,2871c4e79a70b7d0d4f900866ce019316b68670f,2871c4e79a70b7d0d4f900866ce019316b68670f,nadig_jurkat-seed1-20261003T072409Z-ba327c39fdfb46c2b3a9c8023d5e409f,5197a3e3d7bfe57a7545b4cc1dad8ff7b5c666dd521bb298cec1ed2d9dabe64f,35349edebeba8014c45758ddd4e868081d5da25fb89155e12ebbf1f126863339,5a2942ea2a3a60d4ba3e8a65a17bc06cb6f1765d8155557156d38830f59f23ca
E3,best,all_expression,5000,txpert_macro_pearson_delta_all,0.21707474234637678,592,592,2871c4e79a70b7d0d4f900866ce019316b68670f,2871c4e79a70b7d0d4f900866ce019316b68670f,nadig_jurkat-seed1-20261003T072409Z-9571028ddb9543e89f1f5e2583cac59c,6982785ffac1b5ac3f681956ddf8ad51af2aa505e3f02e22572876cb7d34cb2a,bd1cd79887f77034eb24b419eed229953db52c2efaafe67662efd6859a79e4c6,cadca326737fd0b2149d4822fcb449c0e935d9d7d6810c1a283fd852286d0598
E3,best,all_expression,5000,txpert_macro_pearson_delta_deg,0.38158045500178117,590,592,2871c4e79a70b7d0d4f900866ce019316b68670f,2871c4e79a70b7d0d4f900866ce019316b68670f,nadig_jurkat-seed1-20261003T072409Z-9571028ddb9543e89f1f5e2583cac59c,6982785ffac1b5ac3f681956ddf8ad51af2aa505e3f02e22572876cb7d34cb2a,bd1cd79887f77034eb24b419eed229953db52c2efaafe67662efd6859a79e4c6,cadca326737fd0b2149d4822fcb449c0e935d9d7d6810c1a283fd852286d0598
E3,best,all_expression,5000,trishift_pearson_delta_all,0.16872787473402662,592,592,2871c4e79a70b7d0d4f900866ce019316b68670f,2871c4e79a70b7d0d4f900866ce019316b68670f,nadig_jurkat-seed1-20261003T072409Z-9571028ddb9543e89f1f5e2583cac59c,6982785ffac1b5ac3f681956ddf8ad51af2aa505e3f02e22572876cb7d34cb2a,bd1cd79887f77034eb24b419eed229953db52c2efaafe67662efd6859a79e4c6,cadca326737fd0b2149d4822fcb449c0e935d9d7d6810c1a283fd852286d0598
E3,best,all_expression,5000,trishift_pearson_delta_deg,0.3463911237720077,590,592,2871c4e79a70b7d0d4f900866ce019316b68670f,2871c4e79a70b7d0d4f900866ce019316b68670f,nadig_jurkat-seed1-20261003T072409Z-9571028ddb9543e89f1f5e2583cac59c,6982785ffac1b5ac3f681956ddf8ad51af2aa505e3f02e22572876cb7d34cb2a,bd1cd79887f77034eb24b419eed229953db52c2efaafe67662efd6859a79e4c6,cadca326737fd0b2149d4822fcb449c0e935d9d7d6810c1a283fd852286d0598
E3,best,all_expression,5000,systema_pearson_all,0.08842398279731388,592,592,2871c4e79a70b7d0d4f900866ce019316b68670f,2871c4e79a70b7d0d4f900866ce019316b68670f,nadig_jurkat-seed1-20261003T072409Z-9571028ddb9543e89f1f5e2583cac59c,6982785ffac1b5ac3f681956ddf8ad51af2aa505e3f02e22572876cb7d34cb2a,bd1cd79887f77034eb24b419eed229953db52c2efaafe67662efd6859a79e4c6,cadca326737fd0b2149d4822fcb449c0e935d9d7d6810c1a283fd852286d0598
E3,best,all_expression,5000,systema_pearson_deg,0.2170858498729859,590,592,2871c4e79a70b7d0d4f900866ce019316b68670f,2871c4e79a70b7d0d4f900866ce019316b68670f,nadig_jurkat-seed1-20261003T072409Z-9571028ddb9543e89f1f5e2583cac59c,6982785ffac1b5ac3f681956ddf8ad51af2aa505e3f02e22572876cb7d34cb2a,bd1cd79887f77034eb24b419eed229953db52c2efaafe67662efd6859a79e4c6,cadca326737fd0b2149d4822fcb449c0e935d9d7d6810c1a283fd852286d0598
E3,best,seen_expression,4775,txpert_macro_pearson_delta_all,0.4206025903129807,592,592,2871c4e79a70b7d0d4f900866ce019316b68670f,2871c4e79a70b7d0d4f900866ce019316b68670f,nadig_jurkat-seed1-20261003T072409Z-9571028ddb9543e89f1f5e2583cac59c,6982785ffac1b5ac3f681956ddf8ad51af2aa505e3f02e22572876cb7d34cb2a,bd1cd79887f77034eb24b419eed229953db52c2efaafe67662efd6859a79e4c6,cadca326737fd0b2149d4822fcb449c0e935d9d7d6810c1a283fd852286d0598
E3,best,seen_expression,4775,txpert_macro_pearson_delta_deg,0.45888631030673066,590,592,2871c4e79a70b7d0d4f900866ce019316b68670f,2871c4e79a70b7d0d4f900866ce019316b68670f,nadig_jurkat-seed1-20261003T072409Z-9571028ddb9543e89f1f5e2583cac59c,6982785ffac1b5ac3f681956ddf8ad51af2aa505e3f02e22572876cb7d34cb2a,bd1cd79887f77034eb24b419eed229953db52c2efaafe67662efd6859a79e4c6,cadca326737fd0b2149d4822fcb449c0e935d9d7d6810c1a283fd852286d0598
E3,best,seen_expression,4775,trishift_pearson_delta_all,0.30717769426367647,592,592,2871c4e79a70b7d0d4f900866ce019316b68670f,2871c4e79a70b7d0d4f900866ce019316b68670f,nadig_jurkat-seed1-20261003T072409Z-9571028ddb9543e89f1f5e2583cac59c,6982785ffac1b5ac3f681956ddf8ad51af2aa505e3f02e22572876cb7d34cb2a,bd1cd79887f77034eb24b419eed229953db52c2efaafe67662efd6859a79e4c6,cadca326737fd0b2149d4822fcb449c0e935d9d7d6810c1a283fd852286d0598
E3,best,seen_expression,4775,trishift_pearson_delta_deg,0.41702256124922454,590,592,2871c4e79a70b7d0d4f900866ce019316b68670f,2871c4e79a70b7d0d4f900866ce019316b68670f,nadig_jurkat-seed1-20261003T072409Z-9571028ddb9543e89f1f5e2583cac59c,6982785ffac1b5ac3f681956ddf8ad51af2aa505e3f02e22572876cb7d34cb2a,bd1cd79887f77034eb24b419eed229953db52c2efaafe67662efd6859a79e4c6,cadca326737fd0b2149d4822fcb449c0e935d9d7d6810c1a283fd852286d0598
E3,best,seen_expression,4775,systema_pearson_all,0.24755006041970334,592,592,2871c4e79a70b7d0d4f900866ce019316b68670f,2871c4e79a70b7d0d4f900866ce019316b68670f,nadig_jurkat-seed1-20261003T072409Z-9571028ddb9543e89f1f5e2583cac59c,6982785ffac1b5ac3f681956ddf8ad51af2aa505e3f02e22572876cb7d34cb2a,bd1cd79887f77034eb24b419eed229953db52c2efaafe67662efd6859a79e4c6,cadca326737fd0b2149d4822fcb449c0e935d9d7d6810c1a283fd852286d0598
E3,best,seen_expression,4775,systema_pearson_deg,0.2653291587189606,590,592,2871c4e79a70b7d0d4f900866ce019316b68670f,2871c4e79a70b7d0d4f900866ce019316b68670f,nadig_jurkat-seed1-20261003T072409Z-9571028ddb9543e89f1f5e2583cac59c,6982785ffac1b5ac3f681956ddf8ad51af2aa505e3f02e22572876cb7d34cb2a,bd1cd79887f77034eb24b419eed229953db52c2efaafe67662efd6859a79e4c6,cadca326737fd0b2149d4822fcb449c0e935d9d7d6810c1a283fd852286d0598
E3,best,unseen_expression,225,txpert_macro_pearson_delta_all,0.1414984341404239,592,592,2871c4e79a70b7d0d4f900866ce019316b68670f,2871c4e79a70b7d0d4f900866ce019316b68670f,nadig_jurkat-seed1-20261003T072409Z-9571028ddb9543e89f1f5e2583cac59c,6982785ffac1b5ac3f681956ddf8ad51af2aa505e3f02e22572876cb7d34cb2a,bd1cd79887f77034eb24b419eed229953db52c2efaafe67662efd6859a79e4c6,cadca326737fd0b2149d4822fcb449c0e935d9d7d6810c1a283fd852286d0598
E3,best,unseen_expression,225,txpert_macro_pearson_delta_deg,0.23707822880856888,147,592,2871c4e79a70b7d0d4f900866ce019316b68670f,2871c4e79a70b7d0d4f900866ce019316b68670f,nadig_jurkat-seed1-20261003T072409Z-9571028ddb9543e89f1f5e2583cac59c,6982785ffac1b5ac3f681956ddf8ad51af2aa505e3f02e22572876cb7d34cb2a,bd1cd79887f77034eb24b419eed229953db52c2efaafe67662efd6859a79e4c6,cadca326737fd0b2149d4822fcb449c0e935d9d7d6810c1a283fd852286d0598
E3,best,unseen_expression,225,trishift_pearson_delta_all,0.1334461338557927,592,592,2871c4e79a70b7d0d4f900866ce019316b68670f,2871c4e79a70b7d0d4f900866ce019316b68670f,nadig_jurkat-seed1-20261003T072409Z-9571028ddb9543e89f1f5e2583cac59c,6982785ffac1b5ac3f681956ddf8ad51af2aa505e3f02e22572876cb7d34cb2a,bd1cd79887f77034eb24b419eed229953db52c2efaafe67662efd6859a79e4c6,cadca326737fd0b2149d4822fcb449c0e935d9d7d6810c1a283fd852286d0598
E3,best,unseen_expression,225,trishift_pearson_delta_deg,0.18495709243110905,147,592,2871c4e79a70b7d0d4f900866ce019316b68670f,2871c4e79a70b7d0d4f900866ce019316b68670f,nadig_jurkat-seed1-20261003T072409Z-9571028ddb9543e89f1f5e2583cac59c,6982785ffac1b5ac3f681956ddf8ad51af2aa505e3f02e22572876cb7d34cb2a,bd1cd79887f77034eb24b419eed229953db52c2efaafe67662efd6859a79e4c6,cadca326737fd0b2149d4822fcb449c0e935d9d7d6810c1a283fd852286d0598
E3,best,unseen_expression,225,systema_pearson_all,-0.02828301914194876,592,592,2871c4e79a70b7d0d4f900866ce019316b68670f,2871c4e79a70b7d0d4f900866ce019316b68670f,nadig_jurkat-seed1-20261003T072409Z-9571028ddb9543e89f1f5e2583cac59c,6982785ffac1b5ac3f681956ddf8ad51af2aa505e3f02e22572876cb7d34cb2a,bd1cd79887f77034eb24b419eed229953db52c2efaafe67662efd6859a79e4c6,cadca326737fd0b2149d4822fcb449c0e935d9d7d6810c1a283fd852286d0598
E3,best,unseen_expression,225,systema_pearson_deg,0.10601591583186387,147,592,2871c4e79a70b7d0d4f900866ce019316b68670f,2871c4e79a70b7d0d4f900866ce019316b68670f,nadig_jurkat-seed1-20261003T072409Z-9571028ddb9543e89f1f5e2583cac59c,6982785ffac1b5ac3f681956ddf8ad51af2aa505e3f02e22572876cb7d34cb2a,bd1cd79887f77034eb24b419eed229953db52c2efaafe67662efd6859a79e4c6,cadca326737fd0b2149d4822fcb449c0e935d9d7d6810c1a283fd852286d0598
E3,last,all_expression,5000,txpert_macro_pearson_delta_all,0.21707474234637678,592,592,2871c4e79a70b7d0d4f900866ce019316b68670f,2871c4e79a70b7d0d4f900866ce019316b68670f,nadig_jurkat-seed1-20261003T072409Z-9571028ddb9543e89f1f5e2583cac59c,6982785ffac1b5ac3f681956ddf8ad51af2aa505e3f02e22572876cb7d34cb2a,bd1cd79887f77034eb24b419eed229953db52c2efaafe67662efd6859a79e4c6,ae0253deedf05e900cc59a52b2bf9159627fbb10531a8712c96fc9f049d75fa9
E3,last,all_expression,5000,txpert_macro_pearson_delta_deg,0.38158045500178117,590,592,2871c4e79a70b7d0d4f900866ce019316b68670f,2871c4e79a70b7d0d4f900866ce019316b68670f,nadig_jurkat-seed1-20261003T072409Z-9571028ddb9543e89f1f5e2583cac59c,6982785ffac1b5ac3f681956ddf8ad51af2aa505e3f02e22572876cb7d34cb2a,bd1cd79887f77034eb24b419eed229953db52c2efaafe67662efd6859a79e4c6,ae0253deedf05e900cc59a52b2bf9159627fbb10531a8712c96fc9f049d75fa9
E3,last,all_expression,5000,trishift_pearson_delta_all,0.16872787473402662,592,592,2871c4e79a70b7d0d4f900866ce019316b68670f,2871c4e79a70b7d0d4f900866ce019316b68670f,nadig_jurkat-seed1-20261003T072409Z-9571028ddb9543e89f1f5e2583cac59c,6982785ffac1b5ac3f681956ddf8ad51af2aa505e3f02e22572876cb7d34cb2a,bd1cd79887f77034eb24b419eed229953db52c2efaafe67662efd6859a79e4c6,ae0253deedf05e900cc59a52b2bf9159627fbb10531a8712c96fc9f049d75fa9
E3,last,all_expression,5000,trishift_pearson_delta_deg,0.3463911237720077,590,592,2871c4e79a70b7d0d4f900866ce019316b68670f,2871c4e79a70b7d0d4f900866ce019316b68670f,nadig_jurkat-seed1-20261003T072409Z-9571028ddb9543e89f1f5e2583cac59c,6982785ffac1b5ac3f681956ddf8ad51af2aa505e3f02e22572876cb7d34cb2a,bd1cd79887f77034eb24b419eed229953db52c2efaafe67662efd6859a79e4c6,ae0253deedf05e900cc59a52b2bf9159627fbb10531a8712c96fc9f049d75fa9
E3,last,all_expression,5000,systema_pearson_all,0.08842398279731388,592,592,2871c4e79a70b7d0d4f900866ce019316b68670f,2871c4e79a70b7d0d4f900866ce019316b68670f,nadig_jurkat-seed1-20261003T072409Z-9571028ddb9543e89f1f5e2583cac59c,6982785ffac1b5ac3f681956ddf8ad51af2aa505e3f02e22572876cb7d34cb2a,bd1cd79887f77034eb24b419eed229953db52c2efaafe67662efd6859a79e4c6,ae0253deedf05e900cc59a52b2bf9159627fbb10531a8712c96fc9f049d75fa9
E3,last,all_expression,5000,systema_pearson_deg,0.2170858498729859,590,592,2871c4e79a70b7d0d4f900866ce019316b68670f,2871c4e79a70b7d0d4f900866ce019316b68670f,nadig_jurkat-seed1-20261003T072409Z-9571028ddb9543e89f1f5e2583cac59c,6982785ffac1b5ac3f681956ddf8ad51af2aa505e3f02e22572876cb7d34cb2a,bd1cd79887f77034eb24b419eed229953db52c2efaafe67662efd6859a79e4c6,ae0253deedf05e900cc59a52b2bf9159627fbb10531a8712c96fc9f049d75fa9
E3,last,seen_expression,4775,txpert_macro_pearson_delta_all,0.4206025903129807,592,592,2871c4e79a70b7d0d4f900866ce019316b68670f,2871c4e79a70b7d0d4f900866ce019316b68670f,nadig_jurkat-seed1-20261003T072409Z-9571028ddb9543e89f1f5e2583cac59c,6982785ffac1b5ac3f681956ddf8ad51af2aa505e3f02e22572876cb7d34cb2a,bd1cd79887f77034eb24b419eed229953db52c2efaafe67662efd6859a79e4c6,ae0253deedf05e900cc59a52b2bf9159627fbb10531a8712c96fc9f049d75fa9
E3,last,seen_expression,4775,txpert_macro_pearson_delta_deg,0.45888631030673066,590,592,2871c4e79a70b7d0d4f900866ce019316b68670f,2871c4e79a70b7d0d4f900866ce019316b68670f,nadig_jurkat-seed1-20261003T072409Z-9571028ddb9543e89f1f5e2583cac59c,6982785ffac1b5ac3f681956ddf8ad51af2aa505e3f02e22572876cb7d34cb2a,bd1cd79887f77034eb24b419eed229953db52c2efaafe67662efd6859a79e4c6,ae0253deedf05e900cc59a52b2bf9159627fbb10531a8712c96fc9f049d75fa9
E3,last,seen_expression,4775,trishift_pearson_delta_all,0.30717769426367647,592,592,2871c4e79a70b7d0d4f900866ce019316b68670f,2871c4e79a70b7d0d4f900866ce019316b68670f,nadig_jurkat-seed1-20261003T072409Z-9571028ddb9543e89f1f5e2583cac59c,6982785ffac1b5ac3f681956ddf8ad51af2aa505e3f02e22572876cb7d34cb2a,bd1cd79887f77034eb24b419eed229953db52c2efaafe67662efd6859a79e4c6,ae0253deedf05e900cc59a52b2bf9159627fbb10531a8712c96fc9f049d75fa9
E3,last,seen_expression,4775,trishift_pearson_delta_deg,0.41702256124922454,590,592,2871c4e79a70b7d0d4f900866ce019316b68670f,2871c4e79a70b7d0d4f900866ce019316b68670f,nadig_jurkat-seed1-20261003T072409Z-9571028ddb9543e89f1f5e2583cac59c,6982785ffac1b5ac3f681956ddf8ad51af2aa505e3f02e22572876cb7d34cb2a,bd1cd79887f77034eb24b419eed229953db52c2efaafe67662efd6859a79e4c6,ae0253deedf05e900cc59a52b2bf9159627fbb10531a8712c96fc9f049d75fa9
E3,last,seen_expression,4775,systema_pearson_all,0.24755006041970334,592,592,2871c4e79a70b7d0d4f900866ce019316b68670f,2871c4e79a70b7d0d4f900866ce019316b68670f,nadig_jurkat-seed1-20261003T072409Z-9571028ddb9543e89f1f5e2583cac59c,6982785ffac1b5ac3f681956ddf8ad51af2aa505e3f02e22572876cb7d34cb2a,bd1cd79887f77034eb24b419eed229953db52c2efaafe67662efd6859a79e4c6,ae0253deedf05e900cc59a52b2bf9159627fbb10531a8712c96fc9f049d75fa9
E3,last,seen_expression,4775,systema_pearson_deg,0.2653291587189606,590,592,2871c4e79a70b7d0d4f900866ce019316b68670f,2871c4e79a70b7d0d4f900866ce019316b68670f,nadig_jurkat-seed1-20261003T072409Z-9571028ddb9543e89f1f5e2583cac59c,6982785ffac1b5ac3f681956ddf8ad51af2aa505e3f02e22572876cb7d34cb2a,bd1cd79887f77034eb24b419eed229953db52c2efaafe67662efd6859a79e4c6,ae0253deedf05e900cc59a52b2bf9159627fbb10531a8712c96fc9f049d75fa9
E3,last,unseen_expression,225,txpert_macro_pearson_delta_all,0.1414984341404239,592,592,2871c4e79a70b7d0d4f900866ce019316b68670f,2871c4e79a70b7d0d4f900866ce019316b68670f,nadig_jurkat-seed1-20261003T072409Z-9571028ddb9543e89f1f5e2583cac59c,6982785ffac1b5ac3f681956ddf8ad51af2aa505e3f02e22572876cb7d34cb2a,bd1cd79887f77034eb24b419eed229953db52c2efaafe67662efd6859a79e4c6,ae0253deedf05e900cc59a52b2bf9159627fbb10531a8712c96fc9f049d75fa9
E3,last,unseen_expression,225,txpert_macro_pearson_delta_deg,0.23707822880856888,147,592,2871c4e79a70b7d0d4f900866ce019316b68670f,2871c4e79a70b7d0d4f900866ce019316b68670f,nadig_jurkat-seed1-20261003T072409Z-9571028ddb9543e89f1f5e2583cac59c,6982785ffac1b5ac3f681956ddf8ad51af2aa505e3f02e22572876cb7d34cb2a,bd1cd79887f77034eb24b419eed229953db52c2efaafe67662efd6859a79e4c6,ae0253deedf05e900cc59a52b2bf9159627fbb10531a8712c96fc9f049d75fa9
E3,last,unseen_expression,225,trishift_pearson_delta_all,0.1334461338557927,592,592,2871c4e79a70b7d0d4f900866ce019316b68670f,2871c4e79a70b7d0d4f900866ce019316b68670f,nadig_jurkat-seed1-20261003T072409Z-9571028ddb9543e89f1f5e2583cac59c,6982785ffac1b5ac3f681956ddf8ad51af2aa505e3f02e22572876cb7d34cb2a,bd1cd79887f77034eb24b419eed229953db52c2efaafe67662efd6859a79e4c6,ae0253deedf05e900cc59a52b2bf9159627fbb10531a8712c96fc9f049d75fa9
E3,last,unseen_expression,225,trishift_pearson_delta_deg,0.18495709243110905,147,592,2871c4e79a70b7d0d4f900866ce019316b68670f,2871c4e79a70b7d0d4f900866ce019316b68670f,nadig_jurkat-seed1-20261003T072409Z-9571028ddb9543e89f1f5e2583cac59c,6982785ffac1b5ac3f681956ddf8ad51af2aa505e3f02e22572876cb7d34cb2a,bd1cd79887f77034eb24b419eed229953db52c2efaafe67662efd6859a79e4c6,ae0253deedf05e900cc59a52b2bf9159627fbb10531a8712c96fc9f049d75fa9
E3,last,unseen_expression,225,systema_pearson_all,-0.02828301914194876,592,592,2871c4e79a70b7d0d4f900866ce019316b68670f,2871c4e79a70b7d0d4f900866ce019316b68670f,nadig_jurkat-seed1-20261003T072409Z-9571028ddb9543e89f1f5e2583cac59c,6982785ffac1b5ac3f681956ddf8ad51af2aa505e3f02e22572876cb7d34cb2a,bd1cd79887f77034eb24b419eed229953db52c2efaafe67662efd6859a79e4c6,ae0253deedf05e900cc59a52b2bf9159627fbb10531a8712c96fc9f049d75fa9
E3,last,unseen_expression,225,systema_pearson_deg,0.10601591583186387,147,592,2871c4e79a70b7d0d4f900866ce019316b68670f,2871c4e79a70b7d0d4f900866ce019316b68670f,nadig_jurkat-seed1-20261003T072409Z-9571028ddb9543e89f1f5e2583cac59c,6982785ffac1b5ac3f681956ddf8ad51af2aa505e3f02e22572876cb7d34cb2a,bd1cd79887f77034eb24b419eed229953db52c2efaafe67662efd6859a79e4c6,ae0253deedf05e900cc59a52b2bf9159627fbb10531a8712c96fc9f049d75fa9
