arm,scope,gene_count,metric_id,mean,finite_conditions,total_conditions,training_sha,evaluation_sha,run_id
L0,overall,5000,txpert_macro_pearson_delta_all,0.215979116976081,592,592,ab022caa57a3b45dc5a14c6ae38bc280702112e4,ab022caa57a3b45dc5a14c6ae38bc280702112e4,nadig_jurkat-seed1-20261007T181232Z-580abf8834e0429ba15dc2f2359893bb
L0,overall,5000,txpert_macro_pearson_delta_deg,0.3818370488670186,590,592,ab022caa57a3b45dc5a14c6ae38bc280702112e4,ab022caa57a3b45dc5a14c6ae38bc280702112e4,nadig_jurkat-seed1-20261007T181232Z-580abf8834e0429ba15dc2f2359893bb
L0,overall,5000,trishift_pearson_delta_all,0.16796015265636546,592,592,ab022caa57a3b45dc5a14c6ae38bc280702112e4,ab022caa57a3b45dc5a14c6ae38bc280702112e4,nadig_jurkat-seed1-20261007T181232Z-580abf8834e0429ba15dc2f2359893bb
L0,overall,5000,trishift_pearson_delta_deg,0.3511323991802661,590,592,ab022caa57a3b45dc5a14c6ae38bc280702112e4,ab022caa57a3b45dc5a14c6ae38bc280702112e4,nadig_jurkat-seed1-20261007T181232Z-580abf8834e0429ba15dc2f2359893bb
L0,overall,5000,systema_pearson_all,0.08526162476028813,592,592,ab022caa57a3b45dc5a14c6ae38bc280702112e4,ab022caa57a3b45dc5a14c6ae38bc280702112e4,nadig_jurkat-seed1-20261007T181232Z-580abf8834e0429ba15dc2f2359893bb
L0,overall,5000,systema_pearson_deg,0.22255316730486155,590,592,ab022caa57a3b45dc5a14c6ae38bc280702112e4,ab022caa57a3b45dc5a14c6ae38bc280702112e4,nadig_jurkat-seed1-20261007T181232Z-580abf8834e0429ba15dc2f2359893bb
L0,seen_expression,4775,txpert_macro_pearson_delta_all,0.4249175005590023,592,592,ab022caa57a3b45dc5a14c6ae38bc280702112e4,ab022caa57a3b45dc5a14c6ae38bc280702112e4,nadig_jurkat-seed1-20261007T181232Z-580abf8834e0429ba15dc2f2359893bb
L0,seen_expression,4775,txpert_macro_pearson_delta_deg,0.4707137576438618,590,592,ab022caa57a3b45dc5a14c6ae38bc280702112e4,ab022caa57a3b45dc5a14c6ae38bc280702112e4,nadig_jurkat-seed1-20261007T181232Z-580abf8834e0429ba15dc2f2359893bb
L0,seen_expression,4775,trishift_pearson_delta_all,0.3134172703034834,592,592,ab022caa57a3b45dc5a14c6ae38bc280702112e4,ab022caa57a3b45dc5a14c6ae38bc280702112e4,nadig_jurkat-seed1-20261007T181232Z-580abf8834e0429ba15dc2f2359893bb
L0,seen_expression,4775,trishift_pearson_delta_deg,0.4317369936555558,590,592,ab022caa57a3b45dc5a14c6ae38bc280702112e4,ab022caa57a3b45dc5a14c6ae38bc280702112e4,nadig_jurkat-seed1-20261007T181232Z-580abf8834e0429ba15dc2f2359893bb
L0,seen_expression,4775,systema_pearson_all,0.24382122094784675,592,592,ab022caa57a3b45dc5a14c6ae38bc280702112e4,ab022caa57a3b45dc5a14c6ae38bc280702112e4,nadig_jurkat-seed1-20261007T181232Z-580abf8834e0429ba15dc2f2359893bb
L0,seen_expression,4775,systema_pearson_deg,0.28460201914139277,590,592,ab022caa57a3b45dc5a14c6ae38bc280702112e4,ab022caa57a3b45dc5a14c6ae38bc280702112e4,nadig_jurkat-seed1-20261007T181232Z-580abf8834e0429ba15dc2f2359893bb
L0,unseen_expression,225,txpert_macro_pearson_delta_all,0.13426602522208184,592,592,ab022caa57a3b45dc5a14c6ae38bc280702112e4,ab022caa57a3b45dc5a14c6ae38bc280702112e4,nadig_jurkat-seed1-20261007T181232Z-580abf8834e0429ba15dc2f2359893bb
L0,unseen_expression,225,txpert_macro_pearson_delta_deg,0.13751661176064375,147,592,ab022caa57a3b45dc5a14c6ae38bc280702112e4,ab022caa57a3b45dc5a14c6ae38bc280702112e4,nadig_jurkat-seed1-20261007T181232Z-580abf8834e0429ba15dc2f2359893bb
L0,unseen_expression,225,trishift_pearson_delta_all,0.1263310632183884,592,592,ab022caa57a3b45dc5a14c6ae38bc280702112e4,ab022caa57a3b45dc5a14c6ae38bc280702112e4,nadig_jurkat-seed1-20261007T181232Z-580abf8834e0429ba15dc2f2359893bb
L0,unseen_expression,225,trishift_pearson_delta_deg,0.12485656824167991,147,592,ab022caa57a3b45dc5a14c6ae38bc280702112e4,ab022caa57a3b45dc5a14c6ae38bc280702112e4,nadig_jurkat-seed1-20261007T181232Z-580abf8834e0429ba15dc2f2359893bb
L0,unseen_expression,225,systema_pearson_all,-0.024608518583934633,592,592,ab022caa57a3b45dc5a14c6ae38bc280702112e4,ab022caa57a3b45dc5a14c6ae38bc280702112e4,nadig_jurkat-seed1-20261007T181232Z-580abf8834e0429ba15dc2f2359893bb
L0,unseen_expression,225,systema_pearson_deg,0.034798337781887845,147,592,ab022caa57a3b45dc5a14c6ae38bc280702112e4,ab022caa57a3b45dc5a14c6ae38bc280702112e4,nadig_jurkat-seed1-20261007T181232Z-580abf8834e0429ba15dc2f2359893bb
U1,overall,5000,txpert_macro_pearson_delta_all,0.21761665235356303,592,592,3f3824fe6e2d737a70204a599dfc5745780e52e7,3f3824fe6e2d737a70204a599dfc5745780e52e7,nadig_jurkat-seed1-20261008T164222Z-59179e205c10494e829bc9d529cf710b
U1,overall,5000,txpert_macro_pearson_delta_deg,0.3899442059887319,590,592,3f3824fe6e2d737a70204a599dfc5745780e52e7,3f3824fe6e2d737a70204a599dfc5745780e52e7,nadig_jurkat-seed1-20261008T164222Z-59179e205c10494e829bc9d529cf710b
U1,overall,5000,trishift_pearson_delta_all,0.17018023839989146,592,592,3f3824fe6e2d737a70204a599dfc5745780e52e7,3f3824fe6e2d737a70204a599dfc5745780e52e7,nadig_jurkat-seed1-20261008T164222Z-59179e205c10494e829bc9d529cf710b
U1,overall,5000,trishift_pearson_delta_deg,0.3488608538176641,590,592,3f3824fe6e2d737a70204a599dfc5745780e52e7,3f3824fe6e2d737a70204a599dfc5745780e52e7,nadig_jurkat-seed1-20261008T164222Z-59179e205c10494e829bc9d529cf710b
U1,overall,5000,systema_pearson_all,0.09559056184878523,592,592,3f3824fe6e2d737a70204a599dfc5745780e52e7,3f3824fe6e2d737a70204a599dfc5745780e52e7,nadig_jurkat-seed1-20261008T164222Z-59179e205c10494e829bc9d529cf710b
U1,overall,5000,systema_pearson_deg,0.2214898771494277,590,592,3f3824fe6e2d737a70204a599dfc5745780e52e7,3f3824fe6e2d737a70204a599dfc5745780e52e7,nadig_jurkat-seed1-20261008T164222Z-59179e205c10494e829bc9d529cf710b
U1,seen_expression,4775,txpert_macro_pearson_delta_all,0.4058702510760467,592,592,3f3824fe6e2d737a70204a599dfc5745780e52e7,3f3824fe6e2d737a70204a599dfc5745780e52e7,nadig_jurkat-seed1-20261008T164222Z-59179e205c10494e829bc9d529cf710b
U1,seen_expression,4775,txpert_macro_pearson_delta_deg,0.4643461373982361,590,592,3f3824fe6e2d737a70204a599dfc5745780e52e7,3f3824fe6e2d737a70204a599dfc5745780e52e7,nadig_jurkat-seed1-20261008T164222Z-59179e205c10494e829bc9d529cf710b
U1,seen_expression,4775,trishift_pearson_delta_all,0.29653223721149574,592,592,3f3824fe6e2d737a70204a599dfc5745780e52e7,3f3824fe6e2d737a70204a599dfc5745780e52e7,nadig_jurkat-seed1-20261008T164222Z-59179e205c10494e829bc9d529cf710b
U1,seen_expression,4775,trishift_pearson_delta_deg,0.41571268255023724,590,592,3f3824fe6e2d737a70204a599dfc5745780e52e7,3f3824fe6e2d737a70204a599dfc5745780e52e7,nadig_jurkat-seed1-20261008T164222Z-59179e205c10494e829bc9d529cf710b
U1,seen_expression,4775,systema_pearson_all,0.24272182658216407,592,592,3f3824fe6e2d737a70204a599dfc5745780e52e7,3f3824fe6e2d737a70204a599dfc5745780e52e7,nadig_jurkat-seed1-20261008T164222Z-59179e205c10494e829bc9d529cf710b
U1,seen_expression,4775,systema_pearson_deg,0.25597204133540924,590,592,3f3824fe6e2d737a70204a599dfc5745780e52e7,3f3824fe6e2d737a70204a599dfc5745780e52e7,nadig_jurkat-seed1-20261008T164222Z-59179e205c10494e829bc9d529cf710b
U1,unseen_expression,225,txpert_macro_pearson_delta_all,0.14396026829445624,592,592,3f3824fe6e2d737a70204a599dfc5745780e52e7,3f3824fe6e2d737a70204a599dfc5745780e52e7,nadig_jurkat-seed1-20261008T164222Z-59179e205c10494e829bc9d529cf710b
U1,unseen_expression,225,txpert_macro_pearson_delta_deg,0.16197880234536033,147,592,3f3824fe6e2d737a70204a599dfc5745780e52e7,3f3824fe6e2d737a70204a599dfc5745780e52e7,nadig_jurkat-seed1-20261008T164222Z-59179e205c10494e829bc9d529cf710b
U1,unseen_expression,225,trishift_pearson_delta_all,0.13698239093683026,592,592,3f3824fe6e2d737a70204a599dfc5745780e52e7,3f3824fe6e2d737a70204a599dfc5745780e52e7,nadig_jurkat-seed1-20261008T164222Z-59179e205c10494e829bc9d529cf710b
U1,unseen_expression,225,trishift_pearson_delta_deg,0.12835816555816332,147,592,3f3824fe6e2d737a70204a599dfc5745780e52e7,3f3824fe6e2d737a70204a599dfc5745780e52e7,nadig_jurkat-seed1-20261008T164222Z-59179e205c10494e829bc9d529cf710b
U1,unseen_expression,225,systema_pearson_all,-0.017177489741856417,592,592,3f3824fe6e2d737a70204a599dfc5745780e52e7,3f3824fe6e2d737a70204a599dfc5745780e52e7,nadig_jurkat-seed1-20261008T164222Z-59179e205c10494e829bc9d529cf710b
U1,unseen_expression,225,systema_pearson_deg,0.038046159753039085,147,592,3f3824fe6e2d737a70204a599dfc5745780e52e7,3f3824fe6e2d737a70204a599dfc5745780e52e7,nadig_jurkat-seed1-20261008T164222Z-59179e205c10494e829bc9d529cf710b
U2,overall,5000,txpert_macro_pearson_delta_all,0.22463837695397393,592,592,3f3824fe6e2d737a70204a599dfc5745780e52e7,3f3824fe6e2d737a70204a599dfc5745780e52e7,nadig_jurkat-seed1-20261008T164223Z-e9d8d44d6b2944cca9bc064a6e33c871
U2,overall,5000,txpert_macro_pearson_delta_deg,0.39666027565003414,590,592,3f3824fe6e2d737a70204a599dfc5745780e52e7,3f3824fe6e2d737a70204a599dfc5745780e52e7,nadig_jurkat-seed1-20261008T164223Z-e9d8d44d6b2944cca9bc064a6e33c871
U2,overall,5000,trishift_pearson_delta_all,0.1749539073415109,592,592,3f3824fe6e2d737a70204a599dfc5745780e52e7,3f3824fe6e2d737a70204a599dfc5745780e52e7,nadig_jurkat-seed1-20261008T164223Z-e9d8d44d6b2944cca9bc064a6e33c871
U2,overall,5000,trishift_pearson_delta_deg,0.3629249523893458,590,592,3f3824fe6e2d737a70204a599dfc5745780e52e7,3f3824fe6e2d737a70204a599dfc5745780e52e7,nadig_jurkat-seed1-20261008T164223Z-e9d8d44d6b2944cca9bc064a6e33c871
U2,overall,5000,systema_pearson_all,0.08010284903720766,592,592,3f3824fe6e2d737a70204a599dfc5745780e52e7,3f3824fe6e2d737a70204a599dfc5745780e52e7,nadig_jurkat-seed1-20261008T164223Z-e9d8d44d6b2944cca9bc064a6e33c871
U2,overall,5000,systema_pearson_deg,0.25075229664716003,590,592,3f3824fe6e2d737a70204a599dfc5745780e52e7,3f3824fe6e2d737a70204a599dfc5745780e52e7,nadig_jurkat-seed1-20261008T164223Z-e9d8d44d6b2944cca9bc064a6e33c871
U2,seen_expression,4775,txpert_macro_pearson_delta_all,0.4197765665206096,592,592,3f3824fe6e2d737a70204a599dfc5745780e52e7,3f3824fe6e2d737a70204a599dfc5745780e52e7,nadig_jurkat-seed1-20261008T164223Z-e9d8d44d6b2944cca9bc064a6e33c871
U2,seen_expression,4775,txpert_macro_pearson_delta_deg,0.4920912998043544,590,592,3f3824fe6e2d737a70204a599dfc5745780e52e7,3f3824fe6e2d737a70204a599dfc5745780e52e7,nadig_jurkat-seed1-20261008T164223Z-e9d8d44d6b2944cca9bc064a6e33c871
U2,seen_expression,4775,trishift_pearson_delta_all,0.3136272068632206,592,592,3f3824fe6e2d737a70204a599dfc5745780e52e7,3f3824fe6e2d737a70204a599dfc5745780e52e7,nadig_jurkat-seed1-20261008T164223Z-e9d8d44d6b2944cca9bc064a6e33c871
U2,seen_expression,4775,trishift_pearson_delta_deg,0.4507937936752966,590,592,3f3824fe6e2d737a70204a599dfc5745780e52e7,3f3824fe6e2d737a70204a599dfc5745780e52e7,nadig_jurkat-seed1-20261008T164223Z-e9d8d44d6b2944cca9bc064a6e33c871
U2,seen_expression,4775,systema_pearson_all,0.21897779735522815,592,592,3f3824fe6e2d737a70204a599dfc5745780e52e7,3f3824fe6e2d737a70204a599dfc5745780e52e7,nadig_jurkat-seed1-20261008T164223Z-e9d8d44d6b2944cca9bc064a6e33c871
U2,seen_expression,4775,systema_pearson_deg,0.30868005289865996,590,592,3f3824fe6e2d737a70204a599dfc5745780e52e7,3f3824fe6e2d737a70204a599dfc5745780e52e7,nadig_jurkat-seed1-20261008T164223Z-e9d8d44d6b2944cca9bc064a6e33c871
U2,unseen_expression,225,txpert_macro_pearson_delta_all,0.14328601355524465,592,592,3f3824fe6e2d737a70204a599dfc5745780e52e7,3f3824fe6e2d737a70204a599dfc5745780e52e7,nadig_jurkat-seed1-20261008T164223Z-e9d8d44d6b2944cca9bc064a6e33c871
U2,unseen_expression,225,txpert_macro_pearson_delta_deg,0.18533611127214006,147,592,3f3824fe6e2d737a70204a599dfc5745780e52e7,3f3824fe6e2d737a70204a599dfc5745780e52e7,nadig_jurkat-seed1-20261008T164223Z-e9d8d44d6b2944cca9bc064a6e33c871
U2,unseen_expression,225,trishift_pearson_delta_all,0.13493265020644038,592,592,3f3824fe6e2d737a70204a599dfc5745780e52e7,3f3824fe6e2d737a70204a599dfc5745780e52e7,nadig_jurkat-seed1-20261008T164223Z-e9d8d44d6b2944cca9bc064a6e33c871
U2,unseen_expression,225,trishift_pearson_delta_deg,0.17402897394811948,147,592,3f3824fe6e2d737a70204a599dfc5745780e52e7,3f3824fe6e2d737a70204a599dfc5745780e52e7,nadig_jurkat-seed1-20261008T164223Z-e9d8d44d6b2944cca9bc064a6e33c871
U2,unseen_expression,225,systema_pearson_all,-0.022868658504853114,592,592,3f3824fe6e2d737a70204a599dfc5745780e52e7,3f3824fe6e2d737a70204a599dfc5745780e52e7,nadig_jurkat-seed1-20261008T164223Z-e9d8d44d6b2944cca9bc064a6e33c871
U2,unseen_expression,225,systema_pearson_deg,0.054078801761855345,147,592,3f3824fe6e2d737a70204a599dfc5745780e52e7,3f3824fe6e2d737a70204a599dfc5745780e52e7,nadig_jurkat-seed1-20261008T164223Z-e9d8d44d6b2944cca9bc064a6e33c871
U4,overall,5000,txpert_macro_pearson_delta_all,0.2165934291982154,592,592,1929cba76bee4c7f868083616a105d2507c7fa54,bd2cfb2ab764444b3482dc630f567d8273fc86dc,nadig_jurkat-seed1-20261009T071927Z-b9c03b0d497c41c18d47edb33f63b566
U4,overall,5000,txpert_macro_pearson_delta_deg,0.3630585666107033,590,592,1929cba76bee4c7f868083616a105d2507c7fa54,bd2cfb2ab764444b3482dc630f567d8273fc86dc,nadig_jurkat-seed1-20261009T071927Z-b9c03b0d497c41c18d47edb33f63b566
U4,overall,5000,trishift_pearson_delta_all,0.16729051092165872,592,592,1929cba76bee4c7f868083616a105d2507c7fa54,bd2cfb2ab764444b3482dc630f567d8273fc86dc,nadig_jurkat-seed1-20261009T071927Z-b9c03b0d497c41c18d47edb33f63b566
U4,overall,5000,trishift_pearson_delta_deg,0.31909762811728853,590,592,1929cba76bee4c7f868083616a105d2507c7fa54,bd2cfb2ab764444b3482dc630f567d8273fc86dc,nadig_jurkat-seed1-20261009T071927Z-b9c03b0d497c41c18d47edb33f63b566
U4,overall,5000,systema_pearson_all,0.08766476622193593,592,592,1929cba76bee4c7f868083616a105d2507c7fa54,bd2cfb2ab764444b3482dc630f567d8273fc86dc,nadig_jurkat-seed1-20261009T071927Z-b9c03b0d497c41c18d47edb33f63b566
U4,overall,5000,systema_pearson_deg,0.19530176572907929,590,592,1929cba76bee4c7f868083616a105d2507c7fa54,bd2cfb2ab764444b3482dc630f567d8273fc86dc,nadig_jurkat-seed1-20261009T071927Z-b9c03b0d497c41c18d47edb33f63b566
U4,seen_expression,4775,txpert_macro_pearson_delta_all,0.4062613551144271,592,592,1929cba76bee4c7f868083616a105d2507c7fa54,bd2cfb2ab764444b3482dc630f567d8273fc86dc,nadig_jurkat-seed1-20261009T071927Z-b9c03b0d497c41c18d47edb33f63b566
U4,seen_expression,4775,txpert_macro_pearson_delta_deg,0.4276497491902238,590,592,1929cba76bee4c7f868083616a105d2507c7fa54,bd2cfb2ab764444b3482dc630f567d8273fc86dc,nadig_jurkat-seed1-20261009T071927Z-b9c03b0d497c41c18d47edb33f63b566
U4,seen_expression,4775,trishift_pearson_delta_all,0.2941777879567092,592,592,1929cba76bee4c7f868083616a105d2507c7fa54,bd2cfb2ab764444b3482dc630f567d8273fc86dc,nadig_jurkat-seed1-20261009T071927Z-b9c03b0d497c41c18d47edb33f63b566
U4,seen_expression,4775,trishift_pearson_delta_deg,0.36471878733110547,590,592,1929cba76bee4c7f868083616a105d2507c7fa54,bd2cfb2ab764444b3482dc630f567d8273fc86dc,nadig_jurkat-seed1-20261009T071927Z-b9c03b0d497c41c18d47edb33f63b566
U4,seen_expression,4775,systema_pearson_all,0.22587530923479832,592,592,1929cba76bee4c7f868083616a105d2507c7fa54,bd2cfb2ab764444b3482dc630f567d8273fc86dc,nadig_jurkat-seed1-20261009T071927Z-b9c03b0d497c41c18d47edb33f63b566
U4,seen_expression,4775,systema_pearson_deg,0.20045467725383823,590,592,1929cba76bee4c7f868083616a105d2507c7fa54,bd2cfb2ab764444b3482dc630f567d8273fc86dc,nadig_jurkat-seed1-20261009T071927Z-b9c03b0d497c41c18d47edb33f63b566
U4,unseen_expression,225,txpert_macro_pearson_delta_all,0.1322161980820705,592,592,1929cba76bee4c7f868083616a105d2507c7fa54,bd2cfb2ab764444b3482dc630f567d8273fc86dc,nadig_jurkat-seed1-20261009T071927Z-b9c03b0d497c41c18d47edb33f63b566
U4,unseen_expression,225,txpert_macro_pearson_delta_deg,0.18647191410742947,147,592,1929cba76bee4c7f868083616a105d2507c7fa54,bd2cfb2ab764444b3482dc630f567d8273fc86dc,nadig_jurkat-seed1-20261009T071927Z-b9c03b0d497c41c18d47edb33f63b566
U4,unseen_expression,225,trishift_pearson_delta_all,0.12419092080299216,592,592,1929cba76bee4c7f868083616a105d2507c7fa54,bd2cfb2ab764444b3482dc630f567d8273fc86dc,nadig_jurkat-seed1-20261009T071927Z-b9c03b0d497c41c18d47edb33f63b566
U4,unseen_expression,225,trishift_pearson_delta_deg,0.18251806055810438,147,592,1929cba76bee4c7f868083616a105d2507c7fa54,bd2cfb2ab764444b3482dc630f567d8273fc86dc,nadig_jurkat-seed1-20261009T071927Z-b9c03b0d497c41c18d47edb33f63b566
U4,unseen_expression,225,systema_pearson_all,-0.020657562444690858,592,592,1929cba76bee4c7f868083616a105d2507c7fa54,bd2cfb2ab764444b3482dc630f567d8273fc86dc,nadig_jurkat-seed1-20261009T071927Z-b9c03b0d497c41c18d47edb33f63b566
U4,unseen_expression,225,systema_pearson_deg,0.059456903728559204,147,592,1929cba76bee4c7f868083616a105d2507c7fa54,bd2cfb2ab764444b3482dc630f567d8273fc86dc,nadig_jurkat-seed1-20261009T071927Z-b9c03b0d497c41c18d47edb33f63b566
U3,overall,5000,txpert_macro_pearson_delta_all,0.2120317716008443,592,592,1929cba76bee4c7f868083616a105d2507c7fa54,bd2cfb2ab764444b3482dc630f567d8273fc86dc,nadig_jurkat-seed1-20261009T071928Z-2272edf0ab7c417fb0f6078564a619e6
U3,overall,5000,txpert_macro_pearson_delta_deg,0.37718438628984063,590,592,1929cba76bee4c7f868083616a105d2507c7fa54,bd2cfb2ab764444b3482dc630f567d8273fc86dc,nadig_jurkat-seed1-20261009T071928Z-2272edf0ab7c417fb0f6078564a619e6
U3,overall,5000,trishift_pearson_delta_all,0.16517714084819599,592,592,1929cba76bee4c7f868083616a105d2507c7fa54,bd2cfb2ab764444b3482dc630f567d8273fc86dc,nadig_jurkat-seed1-20261009T071928Z-2272edf0ab7c417fb0f6078564a619e6
U3,overall,5000,trishift_pearson_delta_deg,0.34372416231167957,590,592,1929cba76bee4c7f868083616a105d2507c7fa54,bd2cfb2ab764444b3482dc630f567d8273fc86dc,nadig_jurkat-seed1-20261009T071928Z-2272edf0ab7c417fb0f6078564a619e6
U3,overall,5000,systema_pearson_all,0.08088520889801569,592,592,1929cba76bee4c7f868083616a105d2507c7fa54,bd2cfb2ab764444b3482dc630f567d8273fc86dc,nadig_jurkat-seed1-20261009T071928Z-2272edf0ab7c417fb0f6078564a619e6
U3,overall,5000,systema_pearson_deg,0.2199903679671973,590,592,1929cba76bee4c7f868083616a105d2507c7fa54,bd2cfb2ab764444b3482dc630f567d8273fc86dc,nadig_jurkat-seed1-20261009T071928Z-2272edf0ab7c417fb0f6078564a619e6
U3,seen_expression,4775,txpert_macro_pearson_delta_all,0.4209923320507671,592,592,1929cba76bee4c7f868083616a105d2507c7fa54,bd2cfb2ab764444b3482dc630f567d8273fc86dc,nadig_jurkat-seed1-20261009T071928Z-2272edf0ab7c417fb0f6078564a619e6
U3,seen_expression,4775,txpert_macro_pearson_delta_deg,0.46238927018625003,590,592,1929cba76bee4c7f868083616a105d2507c7fa54,bd2cfb2ab764444b3482dc630f567d8273fc86dc,nadig_jurkat-seed1-20261009T071928Z-2272edf0ab7c417fb0f6078564a619e6
U3,seen_expression,4775,trishift_pearson_delta_all,0.3106516119698483,592,592,1929cba76bee4c7f868083616a105d2507c7fa54,bd2cfb2ab764444b3482dc630f567d8273fc86dc,nadig_jurkat-seed1-20261009T071928Z-2272edf0ab7c417fb0f6078564a619e6
U3,seen_expression,4775,trishift_pearson_delta_deg,0.4203833639898888,590,592,1929cba76bee4c7f868083616a105d2507c7fa54,bd2cfb2ab764444b3482dc630f567d8273fc86dc,nadig_jurkat-seed1-20261009T071928Z-2272edf0ab7c417fb0f6078564a619e6
U3,seen_expression,4775,systema_pearson_all,0.23112938800345215,592,592,1929cba76bee4c7f868083616a105d2507c7fa54,bd2cfb2ab764444b3482dc630f567d8273fc86dc,nadig_jurkat-seed1-20261009T071928Z-2272edf0ab7c417fb0f6078564a619e6
U3,seen_expression,4775,systema_pearson_deg,0.2563316151019286,590,592,1929cba76bee4c7f868083616a105d2507c7fa54,bd2cfb2ab764444b3482dc630f567d8273fc86dc,nadig_jurkat-seed1-20261009T071928Z-2272edf0ab7c417fb0f6078564a619e6
U3,unseen_expression,225,txpert_macro_pearson_delta_all,0.12505934354559475,592,592,1929cba76bee4c7f868083616a105d2507c7fa54,bd2cfb2ab764444b3482dc630f567d8273fc86dc,nadig_jurkat-seed1-20261009T071928Z-2272edf0ab7c417fb0f6078564a619e6
U3,unseen_expression,225,txpert_macro_pearson_delta_deg,0.14324090995932404,147,592,1929cba76bee4c7f868083616a105d2507c7fa54,bd2cfb2ab764444b3482dc630f567d8273fc86dc,nadig_jurkat-seed1-20261009T071928Z-2272edf0ab7c417fb0f6078564a619e6
U3,unseen_expression,225,trishift_pearson_delta_all,0.11679647169198533,592,592,1929cba76bee4c7f868083616a105d2507c7fa54,bd2cfb2ab764444b3482dc630f567d8273fc86dc,nadig_jurkat-seed1-20261009T071928Z-2272edf0ab7c417fb0f6078564a619e6
U3,unseen_expression,225,trishift_pearson_delta_deg,0.12530392942740667,147,592,1929cba76bee4c7f868083616a105d2507c7fa54,bd2cfb2ab764444b3482dc630f567d8273fc86dc,nadig_jurkat-seed1-20261009T071928Z-2272edf0ab7c417fb0f6078564a619e6
U3,unseen_expression,225,systema_pearson_all,-0.028756576785204335,592,592,1929cba76bee4c7f868083616a105d2507c7fa54,bd2cfb2ab764444b3482dc630f567d8273fc86dc,nadig_jurkat-seed1-20261009T071928Z-2272edf0ab7c417fb0f6078564a619e6
U3,unseen_expression,225,systema_pearson_deg,0.048195958179492966,147,592,1929cba76bee4c7f868083616a105d2507c7fa54,bd2cfb2ab764444b3482dc630f567d8273fc86dc,nadig_jurkat-seed1-20261009T071928Z-2272edf0ab7c417fb0f6078564a619e6
